-- phpMyAdmin SQL Dump
-- version 5.2.0
-- https://www.phpmyadmin.net/
--
-- Máy chủ: 127.0.0.1
-- Thời gian đã tạo: Th10 02, 2022 lúc 07:34 AM
-- Phiên bản máy phục vụ: 10.4.24-MariaDB
-- Phiên bản PHP: 8.1.6

SET SQL_MODE = "NO_AUTO_VALUE_ON_ZERO";
START TRANSACTION;
SET time_zone = "+00:00";


/*!40101 SET @OLD_CHARACTER_SET_CLIENT=@@CHARACTER_SET_CLIENT */;
/*!40101 SET @OLD_CHARACTER_SET_RESULTS=@@CHARACTER_SET_RESULTS */;
/*!40101 SET @OLD_COLLATION_CONNECTION=@@COLLATION_CONNECTION */;
/*!40101 SET NAMES utf8mb4 */;

--
-- Cơ sở dữ liệu: `06_humg`
--

-- --------------------------------------------------------

--
-- Cấu trúc bảng cho bảng `tbl_category`
--

CREATE TABLE `tbl_category` (
  `Cate_ID` int(11) NOT NULL,
  `Cate_Name` varchar(500) NOT NULL,
  `Status` int(11) NOT NULL
) ENGINE=InnoDB DEFAULT CHARSET=utf8mb4;

--
-- Đang đổ dữ liệu cho bảng `tbl_category`
--

INSERT INTO `tbl_category` (`Cate_ID`, `Cate_Name`, `Status`) VALUES
(1, 'Tin tức', 1),
(2, 'Tuyển sinh', 1),
(3, 'Cơ cấu tổ chức', 1),
(4, 'Công tác sinh viên', 0),
(5, 'Giới thiệu 1', 1),
(6, 'Giới thiệu 2', 1),
(7, 'Media', 1),
(8, 'Call me Su', 1),
(9, 'Test123', 0);

-- --------------------------------------------------------

--
-- Cấu trúc bảng cho bảng `tbl_news`
--

CREATE TABLE `tbl_news` (
  `News_ID` int(11) NOT NULL,
  `Cate_ID` int(11) NOT NULL,
  `Title` varchar(1000) NOT NULL,
  `Intro_Image` text NOT NULL,
  `Description` text NOT NULL,
  `Post_Date` varchar(12) NOT NULL,
  `Author` varchar(50) NOT NULL,
  `Status` int(11) NOT NULL
) ENGINE=InnoDB DEFAULT CHARSET=utf8mb4;

--
-- Đang đổ dữ liệu cho bảng `tbl_news`
--

INSERT INTO `tbl_news` (`News_ID`, `Cate_ID`, `Title`, `Intro_Image`, `Description`, `Post_Date`, `Author`, `Status`) VALUES
(1, 1, '1. Tin tức', 'upload/download1.jpg', 'Su làm BT phân trang', '2002-02-15', 'Su', 0),
(2, 2, '1. Tuyển sinh', 'upload/download1.jpg', 'Su làm BT phân trang', '2002-02-15', 'Su', 0),
(3, 3, 'Cơ cấu tổ chức', 'upload/download1.jpg', 'Su làm BT phân trang', '2022-10-19', 'Su', 1),
(4, 4, 'Công tác sinh viên', 'upload/download1.jpg', 'Su làm BT phân trang', '2022-10-26', 'Su', 0),
(5, 5, 'Giới thiêu', 'upload/download1.jpg', 'Su làm BT phân trang', '2022-10-19', 'Su', 0),
(6, 6, 'Giới thiệu2', 'upload/download1.jpg', 'Su làm BT phân trang', '2022-10-20', 'Su', 1),
(7, 7, 'Media', 'upload/download1.jpg', 'Su làm BT phân trang', '2022-10-19', 'Su', 0),
(8, 8, 'Call me Su', 'upload/download1.jpg', 'Su làm BT phân trang', '2022-10-26', 'Su', 1),
(9, 9, 'Test123', 'upload/download1.jpg', 'Su làm BT phân trang', '2022-10-13', 'Su', 1),
(10, 8, 'Call me Su', 'upload/56330968_2427330570886552_5955067783350845440_n.png', 'Su làm BT phân trang', '2022-10-17', 'Su', 1),
(11, 7, 'Media', 'upload/56330968_2427330570886552_5955067783350845440_n.png', 'Su làm BT phân trang', '', 'Su', 1),
(12, 1, '2. Tin tức', 'upload/download1.jpg', 'Su làm BT phân trang', '2002-02-15', 'Su', 0),
(13, 2, '2. Tuyển sinh', 'upload/download1.jpg', 'Su làm BT phân trang', '2002-02-15', 'Su', 0),
(14, 1, '3. Tin tức', 'upload/download1.jpg', 'Su làm BT phân trang', '2002-02-15', 'Su', 0),
(15, 2, '3. Tuyển sinh', 'upload/download1.jpg', 'Su làm BT phân trang', '2002-02-15', 'Su', 0),
(16, 3, 'Cơ cấu tổ chức', 'upload/download1.jpg', 'Su làm BT phân trang', '2022-10-19', 'Su', 1),
(17, 4, 'Công tác sinh viên', 'upload/download1.jpg', 'Su làm BT phân trang', '2022-10-26', 'Su', 0),
(18, 5, 'Giới thiêu', 'upload/download1.jpg', 'Su làm BT phân trang', '2022-10-19', 'Su', 0),
(19, 6, 'Giới thiệu2', 'upload/download1.jpg', 'Su làm BT phân trang', '2022-10-20', 'Su', 1),
(20, 7, 'Media', 'upload/download1.jpg', 'Su làm BT phân trang', '2022-10-19', 'Su', 0),
(21, 8, 'Call me Su', 'upload/download1.jpg', 'Su làm BT phân trang', '2022-10-26', 'Su', 1),
(22, 9, 'Test123', 'upload/download1.jpg', 'Su làm BT phân trang', '2022-10-13', 'Su', 1),
(23, 8, 'Call me Su', 'upload/56330968_2427330570886552_5955067783350845440_n.png', 'Su làm BT phân trang', '2022-10-17', 'Su', 1),
(24, 7, 'Media', 'upload/56330968_2427330570886552_5955067783350845440_n.png', 'Su làm BT phân trang', '2022-10-17', 'Su', 1),
(25, 1, '4. Tin tức', 'upload/download1.jpg', 'Su làm BT phân trang', '2002-02-15', 'Su', 0),
(26, 2, '4. Tuyển sinh', 'upload/download1.jpg', 'Su làm BT phân trang', '2002-02-15', 'Su', 0),
(27, 1, '5. Tin tức', 'upload/download1.jpg', 'Su làm BT phân trang', '2002-02-15', 'Su', 0),
(28, 2, '5. Tuyển sinh', 'upload/download1.jpg', 'Su làm BT phân trang', '2002-02-15', 'Su', 0),
(29, 3, 'Cơ cấu tổ chức', 'upload/download1.jpg', 'Su làm BT phân trang', '2022-10-19', 'Su', 1),
(30, 4, 'Công tác sinh viên', 'upload/download1.jpg', 'Su làm BT phân trang', '2022-10-26', 'Su', 0),
(31, 5, 'Giới thiêu', 'upload/download1.jpg', 'Su làm BT phân trang', '2022-10-19', 'Su', 0),
(32, 6, 'Giới thiệu2', 'upload/download1.jpg', 'Su làm BT phân trang', '2022-10-20', 'Su', 1),
(33, 7, 'Media', 'upload/download1.jpg', 'Su làm BT phân trang', '2022-10-19', 'Su', 0),
(34, 8, 'Call me Su', 'upload/download1.jpg', 'Su làm BT phân trang', '2022-10-26', 'Su', 1),
(35, 9, 'Test123', 'upload/download1.jpg', 'Su làm BT phân trang', '2022-10-13', 'Su', 1),
(36, 8, 'Call me Su', 'upload/56330968_2427330570886552_5955067783350845440_n.png', 'Su làm BT phân trang', '2022-10-17', 'Su', 1),
(37, 7, 'Media', 'upload/56330968_2427330570886552_5955067783350845440_n.png', 'Su làm BT phân trang', '2022-10-17', 'Su', 1),
(38, 1, '6. Tin tức', 'upload/download1.jpg', 'Su làm BT phân trang', '2002-02-15', 'Su', 0),
(39, 2, '6. Tuyển sinh', 'upload/download1.jpg', 'Su làm BT phân trang', '2002-02-15', 'Su', 0),
(40, 1, '7. Tin tức', 'upload/download1.jpg', 'Su làm BT phân trang', '2002-02-15', 'Su', 0),
(41, 2, '7. Tuyển sinh', 'upload/download1.jpg', 'Su làm BT phân trang', '2002-02-15', 'Su', 0),
(42, 3, 'Cơ cấu tổ chức', 'upload/download1.jpg', 'Su làm BT phân trang', '2022-10-19', 'Su', 1),
(43, 4, 'Công tác sinh viên', 'upload/download1.jpg', 'Su làm BT phân trang', '2022-10-26', 'Su', 0),
(44, 5, 'Giới thiêu', 'upload/download1.jpg', 'Su làm BT phân trang', '2022-10-19', 'Su', 0),
(45, 6, 'Giới thiệu2', 'upload/download1.jpg', 'Su làm BT phân trang', '2022-10-20', 'Su', 1),
(46, 7, 'Media', 'upload/download1.jpg', 'Su làm BT phân trang', '2022-10-19', 'Su', 0),
(47, 8, 'Call me Su', 'upload/download1.jpg', 'Su làm BT phân trang', '2022-10-26', 'Su', 1),
(48, 9, 'Test123', 'upload/download1.jpg', 'Su làm BT phân trang', '2022-10-13', 'Su', 1),
(49, 8, 'Call me Su', 'upload/56330968_2427330570886552_5955067783350845440_n.png', 'Su làm BT phân trang', '2022-10-17', 'Su', 1),
(50, 7, 'Media', 'upload/56330968_2427330570886552_5955067783350845440_n.png', 'Su làm BT phân trang', '2022-10-17', 'Su', 1),
(51, 1, '8. Tin tức', 'upload/download1.jpg', 'Su làm BT phân trang', '2002-02-15', 'Su', 0),
(52, 2, '8. Tuyển sinh', 'upload/download1.jpg', 'Su làm BT phân trang', '2002-02-15', 'Su', 0),
(53, 1, '9. Tin tức', 'upload/download1.jpg', 'Su làm BT phân trang', '2002-02-15', 'Su', 0),
(54, 2, '9. Tuyển sinh', 'upload/download1.jpg', 'Su làm BT phân trang', '2002-02-15', 'Su', 0),
(55, 3, 'Cơ cấu tổ chức', 'upload/download1.jpg', 'Su làm BT phân trang', '2022-10-19', 'Su', 1),
(56, 4, 'Công tác sinh viên', 'upload/download1.jpg', 'Su làm BT phân trang', '2022-10-26', 'Su', 0),
(57, 5, 'Giới thiêu', 'upload/download1.jpg', 'Su làm BT phân trang', '2022-10-19', 'Su', 0),
(58, 6, 'Giới thiệu2', 'upload/download1.jpg', 'Su làm BT phân trang', '2022-10-20', 'Su', 1),
(59, 7, 'Media', 'upload/download1.jpg', 'Su làm BT phân trang', '2022-10-19', 'Su', 0),
(60, 8, 'Call me Su', 'upload/download1.jpg', 'Su làm BT phân trang', '2022-10-26', 'Su', 1),
(61, 9, 'Test123', 'upload/download1.jpg', 'Su làm BT phân trang', '2022-10-13', 'Su', 1),
(62, 8, 'Call me Su', 'upload/56330968_2427330570886552_5955067783350845440_n.png', 'Su làm BT phân trang', '2022-10-17', 'Su', 1),
(63, 7, 'Media', 'upload/56330968_2427330570886552_5955067783350845440_n.png', 'Su làm BT phân trang', '2022-10-17', 'Su', 1),
(64, 1, '10. Tin tức', 'upload/download1.jpg', 'Su làm BT phân trang', '2002-02-15', 'Su', 0),
(65, 2, '10. Tuyển sinh', 'upload/download1.jpg', 'Su làm BT phân trang', '2002-02-15', 'Su', 0),
(66, 1, '11. Tin tức', 'upload/download1.jpg', 'Su làm BT phân trang', '2002-02-15', 'Su', 0),
(67, 2, '11. Tuyển sinh', 'upload/download1.jpg', 'Su làm BT phân trang', '2002-02-15', 'Su', 0),
(68, 3, 'Cơ cấu tổ chức', 'upload/download1.jpg', 'Su làm BT phân trang', '2022-10-19', 'Su', 1),
(69, 4, 'Công tác sinh viên', 'upload/download1.jpg', 'Su làm BT phân trang', '2022-10-26', 'Su', 0),
(70, 5, 'Giới thiêu', 'upload/download1.jpg', 'Su làm BT phân trang', '2022-10-19', 'Su', 0),
(71, 6, 'Giới thiệu2', 'upload/download1.jpg', 'Su làm BT phân trang', '2022-10-20', 'Su', 1),
(72, 7, 'Media', 'upload/download1.jpg', 'Su làm BT phân trang', '2022-10-19', 'Su', 0),
(73, 8, 'Call me Su', 'upload/download1.jpg', 'Su làm BT phân trang', '2022-10-26', 'Su', 1),
(74, 9, 'Test123', 'upload/download1.jpg', 'Su làm BT phân trang', '2022-10-13', 'Su', 1),
(75, 8, 'Call me Su', 'upload/56330968_2427330570886552_5955067783350845440_n.png', 'Su làm BT phân trang', '2022-10-17', 'Su', 1),
(76, 7, 'Media', 'upload/56330968_2427330570886552_5955067783350845440_n.png', 'Su làm BT phân trang', '2022-10-17', 'Su', 1),
(77, 1, '12. Tin tức', 'upload/download1.jpg', 'Su làm BT phân trang', '2002-02-15', 'Su', 0),
(78, 2, '12. Tuyển sinh', 'upload/download1.jpg', 'Su làm BT phân trang', '2002-02-15', 'Su', 0),
(79, 1, '13. Tin tức', 'upload/download1.jpg', 'Su làm BT phân trang', '2002-02-15', 'Su', 0),
(80, 2, '13. Tuyển sinh', 'upload/download1.jpg', 'Su làm BT phân trang', '2002-02-15', 'Su', 0),
(81, 3, 'Cơ cấu tổ chức', 'upload/download1.jpg', 'Su làm BT phân trang', '2022-10-19', 'Su', 1),
(82, 4, 'Công tác sinh viên', 'upload/download1.jpg', 'Su làm BT phân trang', '2022-10-26', 'Su', 0),
(83, 5, 'Giới thiêu', 'upload/download1.jpg', 'Su làm BT phân trang', '2022-10-19', 'Su', 0),
(84, 6, 'Giới thiệu2', 'upload/download1.jpg', 'Su làm BT phân trang', '2022-10-20', 'Su', 1),
(85, 7, 'Media', 'upload/download1.jpg', 'Su làm BT phân trang', '2022-10-19', 'Su', 0),
(86, 8, 'Call me Su', 'upload/download1.jpg', 'Su làm BT phân trang', '2022-10-26', 'Su', 1),
(87, 9, 'Test123', 'upload/download1.jpg', 'Su làm BT phân trang', '2022-10-13', 'Su', 1),
(88, 8, 'Call me Su', 'upload/56330968_2427330570886552_5955067783350845440_n.png', 'Su làm BT phân trang', '2022-10-17', 'Su', 1),
(89, 7, 'Media', 'upload/56330968_2427330570886552_5955067783350845440_n.png', 'Su làm BT phân trang', '2022-10-17', 'Su', 1),
(90, 1, '14. Tin tức', 'upload/download1.jpg', 'Su làm BT phân trang', '2002-02-15', 'Su', 0),
(91, 2, '14. Tuyển sinh', 'upload/download1.jpg', 'Su làm BT phân trang', '2002-02-15', 'Su', 0),
(92, 1, '15. Tin tức', 'upload/download1.jpg', 'Su làm BT phân trang', '2002-02-15', 'Su', 0),
(93, 2, '15. Tuyển sinh', 'upload/download1.jpg', 'Su làm BT phân trang', '2002-02-15', 'Su', 0),
(94, 3, 'Cơ cấu tổ chức', 'upload/download1.jpg', 'Su làm BT phân trang', '2022-10-19', 'Su', 1),
(95, 4, 'Công tác sinh viên', 'upload/download1.jpg', 'Su làm BT phân trang', '2022-10-26', 'Su', 0),
(96, 5, 'Giới thiêu', 'upload/download1.jpg', 'Su làm BT phân trang', '2022-10-19', 'Su', 0),
(97, 6, 'Giới thiệu2', 'upload/download1.jpg', 'Su làm BT phân trang', '2022-10-20', 'Su', 1),
(98, 7, 'Media', 'upload/download1.jpg', 'Su làm BT phân trang', '2022-10-19', 'Su', 0),
(99, 8, 'Call me Su', 'upload/download1.jpg', 'Su làm BT phân trang', '2022-10-26', 'Su', 1),
(100, 9, 'Test123', 'upload/download1.jpg', 'Su làm BT phân trang', '2022-10-13', 'Su', 1),
(101, 8, 'Call me Su', 'upload/56330968_2427330570886552_5955067783350845440_n.png', 'Su làm BT phân trang', '2022-10-17', 'Su', 1),
(102, 7, 'Media', 'upload/56330968_2427330570886552_5955067783350845440_n.png', 'Su làm BT phân trang', '2022-10-17', 'Su', 1),
(103, 1, '16. Tin tức', 'upload/download1.jpg', 'Su làm BT phân trang', '2002-02-15', 'Su', 0),
(104, 2, '16. Tuyển sinh', 'upload/download1.jpg', 'Su làm BT phân trang', '2002-02-15', 'Su', 0),
(105, 1, '17. Tin tức', 'upload/download1.jpg', 'Su làm BT phân trang', '2002-02-15', 'Su', 0),
(106, 2, '17. Tuyển sinh', 'upload/download1.jpg', 'Su làm BT phân trang', '2002-02-15', 'Su', 0),
(107, 3, 'Cơ cấu tổ chức', 'upload/download1.jpg', 'Su làm BT phân trang', '2022-10-19', 'Su', 1),
(108, 4, 'Công tác sinh viên', 'upload/download1.jpg', 'Su làm BT phân trang', '2022-10-26', 'Su', 0),
(109, 5, 'Giới thiêu', 'upload/download1.jpg', 'Su làm BT phân trang', '2022-10-19', 'Su', 0),
(110, 6, 'Giới thiệu2', 'upload/download1.jpg', 'Su làm BT phân trang', '2022-10-20', 'Su', 1),
(111, 7, 'Media', 'upload/download1.jpg', 'Su làm BT phân trang', '2022-10-19', 'Su', 0),
(112, 8, 'Call me Su', 'upload/download1.jpg', 'Su làm BT phân trang', '2022-10-26', 'Su', 1),
(113, 9, 'Test123', 'upload/download1.jpg', 'Su làm BT phân trang', '2022-10-13', 'Su', 1),
(114, 8, 'Call me Su', 'upload/56330968_2427330570886552_5955067783350845440_n.png', 'Su làm BT phân trang', '2022-10-17', 'Su', 1),
(115, 7, 'Media', 'upload/56330968_2427330570886552_5955067783350845440_n.png', 'Su làm BT phân trang', '2022-10-17', 'Su', 1),
(116, 1, '18. Tin tức', 'upload/download1.jpg', 'Su làm BT phân trang', '2002-02-15', 'Su', 0),
(117, 2, '18. Tuyển sinh', 'upload/download1.jpg', 'Su làm BT phân trang', '2002-02-15', 'Su', 0),
(118, 1, '19. Tin tức', 'upload/download1.jpg', 'Su làm BT phân trang', '2002-02-15', 'Su', 0),
(119, 2, '19. Tuyển sinh', 'upload/download1.jpg', 'Su làm BT phân trang', '2002-02-15', 'Su', 0),
(120, 3, 'Cơ cấu tổ chức', 'upload/download1.jpg', 'Su làm BT phân trang', '2022-10-19', 'Su', 1),
(121, 4, 'Công tác sinh viên', 'upload/download1.jpg', 'Su làm BT phân trang', '2022-10-26', 'Su', 0),
(122, 5, 'Giới thiêu', 'upload/download1.jpg', 'Su làm BT phân trang', '2022-10-19', 'Su', 0),
(123, 6, 'Giới thiệu2', 'upload/download1.jpg', 'Su làm BT phân trang', '2022-10-20', 'Su', 1),
(124, 7, 'Media', 'upload/download1.jpg', 'Su làm BT phân trang', '2022-10-19', 'Su', 0),
(125, 8, 'Call me Su', 'upload/download1.jpg', 'Su làm BT phân trang', '2022-10-26', 'Su', 1),
(126, 9, 'Test123', 'upload/download1.jpg', 'Su làm BT phân trang', '2022-10-13', 'Su', 1),
(127, 8, 'Call me Su', 'upload/56330968_2427330570886552_5955067783350845440_n.png', 'Su làm BT phân trang', '2022-10-17', 'Su', 1),
(128, 7, 'Media', 'upload/56330968_2427330570886552_5955067783350845440_n.png', 'Su làm BT phân trang', '2022-10-17', 'Su', 1),
(129, 1, '20. Tin tức', 'upload/download1.jpg', 'Su làm BT phân trang', '2002-02-15', 'Su', 0),
(130, 2, '20. Tuyển sinh', 'upload/download1.jpg', 'Su làm BT phân trang', '2002-02-15', 'Su', 0),
(131, 1, '21. Tin tức', 'upload/download1.jpg', 'Su làm BT phân trang', '2002-02-15', 'Su', 0),
(132, 2, '21. Tuyển sinh', 'upload/download1.jpg', 'Su làm BT phân trang', '2002-02-15', 'Su', 0),
(133, 3, 'Cơ cấu tổ chức', 'upload/download1.jpg', 'Su làm BT phân trang', '2022-10-19', 'Su', 1),
(134, 4, 'Công tác sinh viên', 'upload/download1.jpg', 'Su làm BT phân trang', '2022-10-26', 'Su', 0),
(135, 5, 'Giới thiêu', 'upload/download1.jpg', 'Su làm BT phân trang', '2022-10-19', 'Su', 0),
(136, 6, 'Giới thiệu2', 'upload/download1.jpg', 'Su làm BT phân trang', '2022-10-20', 'Su', 1),
(137, 7, 'Media', 'upload/download1.jpg', 'Su làm BT phân trang', '2022-10-19', 'Su', 0),
(138, 8, 'Call me Su', 'upload/download1.jpg', 'Su làm BT phân trang', '2022-10-26', 'Su', 1),
(139, 9, 'Test123', 'upload/download1.jpg', 'Su làm BT phân trang', '2022-10-13', 'Su', 1),
(140, 8, 'Call me Su', 'upload/56330968_2427330570886552_5955067783350845440_n.png', 'Su làm BT phân trang', '2022-10-17', 'Su', 1),
(141, 7, 'Media', 'upload/56330968_2427330570886552_5955067783350845440_n.png', 'Su làm BT phân trang', '2022-10-17', 'Su', 1),
(142, 1, '22. Tin tức', 'upload/download1.jpg', 'Su làm BT phân trang', '2002-02-15', 'Su', 0),
(143, 2, '22. Tuyển sinh', 'upload/download1.jpg', 'Su làm BT phân trang', '2002-02-15', 'Su', 0),
(144, 1, '23. Tin tức', 'upload/download1.jpg', 'Su làm BT phân trang', '2002-02-15', 'Su', 0),
(145, 2, '23. Tuyển sinh', 'upload/download1.jpg', 'Su làm BT phân trang', '2002-02-15', 'Su', 0),
(146, 3, 'Cơ cấu tổ chức', 'upload/download1.jpg', 'Su làm BT phân trang', '2022-10-19', 'Su', 1),
(147, 4, 'Công tác sinh viên', 'upload/download1.jpg', 'Su làm BT phân trang', '2022-10-26', 'Su', 0),
(148, 5, 'Giới thiêu', 'upload/download1.jpg', 'Su làm BT phân trang', '2022-10-19', 'Su', 0),
(149, 6, 'Giới thiệu2', 'upload/download1.jpg', 'Su làm BT phân trang', '2022-10-20', 'Su', 1),
(150, 7, 'Media', 'upload/download1.jpg', 'Su làm BT phân trang', '2022-10-19', 'Su', 0),
(151, 8, 'Call me Su', 'upload/download1.jpg', 'Su làm BT phân trang', '2022-10-26', 'Su', 1),
(152, 9, 'Test123', 'upload/download1.jpg', 'Su làm BT phân trang', '2022-10-13', 'Su', 1),
(153, 8, 'Call me Su', 'upload/56330968_2427330570886552_5955067783350845440_n.png', 'Su làm BT phân trang', '2022-10-17', 'Su', 1),
(154, 7, 'Media', 'upload/56330968_2427330570886552_5955067783350845440_n.png', 'Su làm BT phân trang', '2022-10-17', 'Su', 1),
(155, 1, '24. Tin tức', 'upload/download1.jpg', 'Su làm BT phân trang', '2002-02-15', 'Su', 0),
(156, 2, '24. Tuyển sinh', 'upload/download1.jpg', 'Su làm BT phân trang', '2002-02-15', 'Su', 0),
(157, 1, '25. Tin tức', 'upload/download1.jpg', 'Su làm BT phân trang', '2002-02-15', 'Su', 0),
(158, 2, '25. Tuyển sinh', 'upload/download1.jpg', 'Su làm BT phân trang', '2002-02-15', 'Su', 0),
(159, 3, 'Cơ cấu tổ chức', 'upload/download1.jpg', 'Su làm BT phân trang', '2022-10-19', 'Su', 1),
(160, 4, 'Công tác sinh viên', 'upload/download1.jpg', 'Su làm BT phân trang', '2022-10-26', 'Su', 0),
(161, 5, 'Giới thiêu', 'upload/download1.jpg', 'Su làm BT phân trang', '2022-10-19', 'Su', 0),
(162, 6, 'Giới thiệu2', 'upload/download1.jpg', 'Su làm BT phân trang', '2022-10-20', 'Su', 1),
(163, 7, 'Media', 'upload/download1.jpg', 'Su làm BT phân trang', '2022-10-19', 'Su', 0),
(164, 8, 'Call me Su', 'upload/download1.jpg', 'Su làm BT phân trang', '2022-10-26', 'Su', 1),
(165, 9, 'Test123', 'upload/download1.jpg', 'Su làm BT phân trang', '2022-10-13', 'Su', 1),
(166, 8, 'Call me Su', 'upload/56330968_2427330570886552_5955067783350845440_n.png', 'Su làm BT phân trang', '2022-10-17', 'Su', 1),
(167, 7, 'Media', 'upload/56330968_2427330570886552_5955067783350845440_n.png', 'Su làm BT phân trang', '2022-10-17', 'Su', 1),
(168, 1, '26. Tin tức', 'upload/download1.jpg', 'Su làm BT phân trang', '2002-02-15', 'Su', 0),
(169, 2, '26. Tuyển sinh', 'upload/download1.jpg', 'Su làm BT phân trang', '2002-02-15', 'Su', 0),
(170, 1, '27. Tin tức', 'upload/download1.jpg', 'Su làm BT phân trang', '2002-02-15', 'Su', 0),
(171, 2, '27. Tuyển sinh', 'upload/download1.jpg', 'Su làm BT phân trang', '2002-02-15', 'Su', 0),
(172, 3, 'Cơ cấu tổ chức', 'upload/download1.jpg', 'Su làm BT phân trang', '2022-10-19', 'Su', 1),
(173, 4, 'Công tác sinh viên', 'upload/download1.jpg', 'Su làm BT phân trang', '2022-10-26', 'Su', 0),
(174, 5, 'Giới thiêu', 'upload/download1.jpg', 'Su làm BT phân trang', '2022-10-19', 'Su', 0),
(175, 6, 'Giới thiệu2', 'upload/download1.jpg', 'Su làm BT phân trang', '2022-10-20', 'Su', 1),
(176, 7, 'Media', 'upload/download1.jpg', 'Su làm BT phân trang', '2022-10-19', 'Su', 0),
(177, 8, 'Call me Su', 'upload/download1.jpg', 'Su làm BT phân trang', '2022-10-26', 'Su', 1),
(178, 9, 'Test123', 'upload/download1.jpg', 'Su làm BT phân trang', '2022-10-13', 'Su', 1),
(179, 8, 'Call me Su', 'upload/56330968_2427330570886552_5955067783350845440_n.png', 'Su làm BT phân trang', '2022-10-17', 'Su', 1),
(180, 7, 'Media', 'upload/56330968_2427330570886552_5955067783350845440_n.png', 'Su làm BT phân trang', '2022-10-17', 'Su', 1),
(181, 1, '28. Tin tức', 'upload/download1.jpg', 'Su làm BT phân trang', '2002-02-15', 'Su', 0),
(182, 2, '28. Tuyển sinh', 'upload/download1.jpg', 'Su làm BT phân trang', '2002-02-15', 'Su', 0),
(183, 1, '29. Tin tức', 'upload/download1.jpg', 'Su làm BT phân trang', '2002-02-15', 'Su', 0),
(184, 2, '29. Tuyển sinh', 'upload/download1.jpg', 'Su làm BT phân trang', '2002-02-15', 'Su', 0),
(185, 3, 'Cơ cấu tổ chức', 'upload/download1.jpg', 'Su làm BT phân trang', '2022-10-19', 'Su', 1),
(186, 4, 'Công tác sinh viên', 'upload/download1.jpg', 'Su làm BT phân trang', '2022-10-26', 'Su', 0),
(187, 5, 'Giới thiêu', 'upload/download1.jpg', 'Su làm BT phân trang', '2022-10-19', 'Su', 0),
(188, 6, 'Giới thiệu2', 'upload/download1.jpg', 'Su làm BT phân trang', '2022-10-20', 'Su', 1),
(189, 7, 'Media', 'upload/download1.jpg', 'Su làm BT phân trang', '2022-10-19', 'Su', 0),
(190, 8, 'Call me Su', 'upload/download1.jpg', 'Su làm BT phân trang', '2022-10-26', 'Su', 1),
(191, 9, 'Test123', 'upload/download1.jpg', 'Su làm BT phân trang', '2022-10-13', 'Su', 1),
(192, 8, 'Call me Su', 'upload/56330968_2427330570886552_5955067783350845440_n.png', 'Su làm BT phân trang', '2022-10-17', 'Su', 1),
(193, 7, 'Media', 'upload/56330968_2427330570886552_5955067783350845440_n.png', 'Su làm BT phân trang', '2022-10-17', 'Su', 1),
(194, 1, '30. Tin tức', 'upload/download1.jpg', 'Su làm BT phân trang', '2002-02-15', 'Su', 0),
(195, 2, '30. Tuyển sinh', 'upload/download1.jpg', 'Su làm BT phân trang', '2002-02-15', 'Su', 0),
(196, 1, '31. Tin tức', 'upload/download1.jpg', 'Su làm BT phân trang', '2002-02-15', 'Su', 0),
(197, 2, '31. Tuyển sinh', 'upload/download1.jpg', 'Su làm BT phân trang', '2002-02-15', 'Su', 0),
(198, 3, 'Cơ cấu tổ chức', 'upload/download1.jpg', 'Su làm BT phân trang', '2022-10-19', 'Su', 1),
(199, 4, 'Công tác sinh viên', 'upload/download1.jpg', 'Su làm BT phân trang', '2022-10-26', 'Su', 0),
(200, 5, 'Giới thiêu', 'upload/download1.jpg', 'Su làm BT phân trang', '2022-10-19', 'Su', 0),
(201, 6, 'Giới thiệu2', 'upload/download1.jpg', 'Su làm BT phân trang', '2022-10-20', 'Su', 1),
(202, 7, 'Media', 'upload/download1.jpg', 'Su làm BT phân trang', '2022-10-19', 'Su', 0),
(203, 8, 'Call me Su', 'upload/download1.jpg', 'Su làm BT phân trang', '2022-10-26', 'Su', 1),
(204, 9, 'Test123', 'upload/download1.jpg', 'Su làm BT phân trang', '2022-10-13', 'Su', 1),
(205, 8, 'Call me Su', 'upload/56330968_2427330570886552_5955067783350845440_n.png', 'Su làm BT phân trang', '2022-10-17', 'Su', 1),
(206, 7, 'Media', 'upload/56330968_2427330570886552_5955067783350845440_n.png', 'Su làm BT phân trang', '2022-10-17', 'Su', 1),
(207, 1, '32. Tin tức', 'upload/download1.jpg', 'Su làm BT phân trang', '2002-02-15', 'Su', 0),
(208, 2, '32. Tuyển sinh', 'upload/download1.jpg', 'Su làm BT phân trang', '2002-02-15', 'Su', 0),
(209, 1, '33. Tin tức', 'upload/download1.jpg', 'Su làm BT phân trang', '2002-02-15', 'Su', 0),
(210, 2, '33. Tuyển sinh', 'upload/download1.jpg', 'Su làm BT phân trang', '2002-02-15', 'Su', 0),
(211, 3, 'Cơ cấu tổ chức', 'upload/download1.jpg', 'Su làm BT phân trang', '2022-10-19', 'Su', 1),
(212, 4, 'Công tác sinh viên', 'upload/download1.jpg', 'Su làm BT phân trang', '2022-10-26', 'Su', 0),
(213, 5, 'Giới thiêu', 'upload/download1.jpg', 'Su làm BT phân trang', '2022-10-19', 'Su', 0),
(214, 6, 'Giới thiệu2', 'upload/download1.jpg', 'Su làm BT phân trang', '2022-10-20', 'Su', 1),
(215, 7, 'Media', 'upload/download1.jpg', 'Su làm BT phân trang', '2022-10-19', 'Su', 0),
(216, 8, 'Call me Su', 'upload/download1.jpg', 'Su làm BT phân trang', '2022-10-26', 'Su', 1),
(217, 9, 'Test123', 'upload/download1.jpg', 'Su làm BT phân trang', '2022-10-13', 'Su', 1),
(218, 8, 'Call me Su', 'upload/56330968_2427330570886552_5955067783350845440_n.png', 'Su làm BT phân trang', '2022-10-17', 'Su', 1),
(219, 7, 'Media', 'upload/56330968_2427330570886552_5955067783350845440_n.png', 'Su làm BT phân trang', '2022-10-17', 'Su', 1),
(220, 1, '34. Tin tức', 'upload/download1.jpg', 'Su làm BT phân trang', '2002-02-15', 'Su', 0),
(221, 2, '34. Tuyển sinh', 'upload/download1.jpg', 'Su làm BT phân trang', '2002-02-15', 'Su', 0),
(222, 1, '35. Tin tức', 'upload/download1.jpg', 'Su làm BT phân trang', '2002-02-15', 'Su', 0),
(223, 2, '35. Tuyển sinh', 'upload/download1.jpg', 'Su làm BT phân trang', '2002-02-15', 'Su', 0),
(224, 3, 'Cơ cấu tổ chức', 'upload/download1.jpg', 'Su làm BT phân trang', '2022-10-19', 'Su', 1),
(225, 4, 'Công tác sinh viên', 'upload/download1.jpg', 'Su làm BT phân trang', '2022-10-26', 'Su', 0),
(226, 5, 'Giới thiêu', 'upload/download1.jpg', 'Su làm BT phân trang', '2022-10-19', 'Su', 0),
(227, 6, 'Giới thiệu2', 'upload/download1.jpg', 'Su làm BT phân trang', '2022-10-20', 'Su', 1),
(228, 7, 'Media', 'upload/download1.jpg', 'Su làm BT phân trang', '2022-10-19', 'Su', 0),
(229, 8, 'Call me Su', 'upload/download1.jpg', 'Su làm BT phân trang', '2022-10-26', 'Su', 1),
(230, 9, 'Test123', 'upload/download1.jpg', 'Su làm BT phân trang', '2022-10-13', 'Su', 1),
(231, 8, 'Call me Su', 'upload/56330968_2427330570886552_5955067783350845440_n.png', 'Su làm BT phân trang', '2022-10-17', 'Su', 1),
(232, 7, 'Media', 'upload/56330968_2427330570886552_5955067783350845440_n.png', 'Su làm BT phân trang', '2022-10-17', 'Su', 1),
(233, 1, '36. Tin tức', 'upload/download1.jpg', 'Su làm BT phân trang', '2002-02-15', 'Su', 0),
(234, 2, '36. Tuyển sinh', 'upload/download1.jpg', 'Su làm BT phân trang', '2002-02-15', 'Su', 0),
(235, 1, '37. Tin tức', 'upload/download1.jpg', 'Su làm BT phân trang', '2002-02-15', 'Su', 0),
(236, 2, '37. Tuyển sinh', 'upload/download1.jpg', 'Su làm BT phân trang', '2002-02-15', 'Su', 0),
(237, 3, 'Cơ cấu tổ chức', 'upload/download1.jpg', 'Su làm BT phân trang', '2022-10-19', 'Su', 1),
(238, 4, 'Công tác sinh viên', 'upload/download1.jpg', 'Su làm BT phân trang', '2022-10-26', 'Su', 0),
(239, 5, 'Giới thiêu', 'upload/download1.jpg', 'Su làm BT phân trang', '2022-10-19', 'Su', 0),
(240, 6, 'Giới thiệu2', 'upload/download1.jpg', 'Su làm BT phân trang', '2022-10-20', 'Su', 1),
(241, 7, 'Media', 'upload/download1.jpg', 'Su làm BT phân trang', '2022-10-19', 'Su', 0),
(242, 8, 'Call me Su', 'upload/download1.jpg', 'Su làm BT phân trang', '2022-10-26', 'Su', 1),
(243, 9, 'Test123', 'upload/download1.jpg', 'Su làm BT phân trang', '2022-10-13', 'Su', 1),
(244, 8, 'Call me Su', 'upload/56330968_2427330570886552_5955067783350845440_n.png', 'Su làm BT phân trang', '2022-10-17', 'Su', 1),
(245, 7, 'Media', 'upload/56330968_2427330570886552_5955067783350845440_n.png', 'Su làm BT phân trang', '2022-10-17', 'Su', 1),
(246, 1, '38. Tin tức', 'upload/download1.jpg', 'Su làm BT phân trang', '2002-02-15', 'Su', 0),
(247, 2, '38. Tuyển sinh', 'upload/download1.jpg', 'Su làm BT phân trang', '2002-02-15', 'Su', 0),
(248, 1, '39. Tin tức', 'upload/download1.jpg', 'Su làm BT phân trang', '2002-02-15', 'Su', 0),
(249, 2, '39. Tuyển sinh', 'upload/download1.jpg', 'Su làm BT phân trang', '2002-02-15', 'Su', 0),
(250, 3, 'Cơ cấu tổ chức', 'upload/download1.jpg', 'Su làm BT phân trang', '2022-10-19', 'Su', 1),
(251, 4, 'Công tác sinh viên', 'upload/download1.jpg', 'Su làm BT phân trang', '2022-10-26', 'Su', 0),
(252, 5, 'Giới thiêu', 'upload/download1.jpg', 'Su làm BT phân trang', '2022-10-19', 'Su', 0),
(253, 6, 'Giới thiệu2', 'upload/download1.jpg', 'Su làm BT phân trang', '2022-10-20', 'Su', 1),
(254, 7, 'Media', 'upload/download1.jpg', 'Su làm BT phân trang', '2022-10-19', 'Su', 0),
(255, 8, 'Call me Su', 'upload/download1.jpg', 'Su làm BT phân trang', '2022-10-26', 'Su', 1),
(256, 9, 'Test123', 'upload/download1.jpg', 'Su làm BT phân trang', '2022-10-13', 'Su', 1),
(257, 8, 'Call me Su', 'upload/56330968_2427330570886552_5955067783350845440_n.png', 'Su làm BT phân trang', '2022-10-17', 'Su', 1),
(258, 7, 'Media', 'upload/56330968_2427330570886552_5955067783350845440_n.png', 'Su làm BT phân trang', '2022-10-17', 'Su', 1),
(259, 1, '40. Tin tức', 'upload/download1.jpg', 'Su làm BT phân trang', '2002-02-15', 'Su', 0),
(260, 2, '40. Tuyển sinh', 'upload/download1.jpg', 'Su làm BT phân trang', '2002-02-15', 'Su', 0),
(261, 1, '41. Tin tức', 'upload/download1.jpg', 'Su làm BT phân trang', '2002-02-15', 'Su', 0),
(262, 2, '41. Tuyển sinh', 'upload/download1.jpg', 'Su làm BT phân trang', '2002-02-15', 'Su', 0),
(263, 3, 'Cơ cấu tổ chức', 'upload/download1.jpg', 'Su làm BT phân trang', '2022-10-19', 'Su', 1),
(264, 4, 'Công tác sinh viên', 'upload/download1.jpg', 'Su làm BT phân trang', '2022-10-26', 'Su', 0),
(265, 5, 'Giới thiêu', 'upload/download1.jpg', 'Su làm BT phân trang', '2022-10-19', 'Su', 0),
(266, 6, 'Giới thiệu2', 'upload/download1.jpg', 'Su làm BT phân trang', '2022-10-20', 'Su', 1),
(267, 7, 'Media', 'upload/download1.jpg', 'Su làm BT phân trang', '2022-10-19', 'Su', 0),
(268, 8, 'Call me Su', 'upload/download1.jpg', 'Su làm BT phân trang', '2022-10-26', 'Su', 1),
(269, 9, 'Test123', 'upload/download1.jpg', 'Su làm BT phân trang', '2022-10-13', 'Su', 1),
(270, 8, 'Call me Su', 'upload/56330968_2427330570886552_5955067783350845440_n.png', 'Su làm BT phân trang', '2022-10-17', 'Su', 1),
(271, 7, 'Media', 'upload/56330968_2427330570886552_5955067783350845440_n.png', 'Su làm BT phân trang', '2022-10-17', 'Su', 1),
(272, 1, '42. Tin tức', 'upload/download1.jpg', 'Su làm BT phân trang', '2002-02-15', 'Su', 0),
(273, 2, '42. Tuyển sinh', 'upload/download1.jpg', 'Su làm BT phân trang', '2002-02-15', 'Su', 0),
(274, 1, '43. Tin tức', 'upload/download1.jpg', 'Su làm BT phân trang', '2002-02-15', 'Su', 0),
(275, 2, '43. Tuyển sinh', 'upload/download1.jpg', 'Su làm BT phân trang', '2002-02-15', 'Su', 0),
(276, 3, 'Cơ cấu tổ chức', 'upload/download1.jpg', 'Su làm BT phân trang', '2022-10-19', 'Su', 1),
(277, 4, 'Công tác sinh viên', 'upload/download1.jpg', 'Su làm BT phân trang', '2022-10-26', 'Su', 0),
(278, 5, 'Giới thiêu', 'upload/download1.jpg', 'Su làm BT phân trang', '2022-10-19', 'Su', 0),
(279, 6, 'Giới thiệu2', 'upload/download1.jpg', 'Su làm BT phân trang', '2022-10-20', 'Su', 1),
(280, 7, 'Media', 'upload/download1.jpg', 'Su làm BT phân trang', '2022-10-19', 'Su', 0),
(281, 8, 'Call me Su', 'upload/download1.jpg', 'Su làm BT phân trang', '2022-10-26', 'Su', 1),
(282, 9, 'Test123', 'upload/download1.jpg', 'Su làm BT phân trang', '2022-10-13', 'Su', 1),
(283, 8, 'Call me Su', 'upload/56330968_2427330570886552_5955067783350845440_n.png', 'Su làm BT phân trang', '2022-10-17', 'Su', 1),
(284, 7, 'Media', 'upload/56330968_2427330570886552_5955067783350845440_n.png', 'Su làm BT phân trang', '2022-10-17', 'Su', 1),
(285, 1, '44. Tin tức', 'upload/download1.jpg', 'Su làm BT phân trang', '2002-02-15', 'Su', 0),
(286, 2, '44. Tuyển sinh', 'upload/download1.jpg', 'Su làm BT phân trang', '2002-02-15', 'Su', 0),
(287, 1, '45. Tin tức', 'upload/download1.jpg', 'Su làm BT phân trang', '2002-02-15', 'Su', 0),
(288, 2, '45. Tuyển sinh', 'upload/download1.jpg', 'Su làm BT phân trang', '2002-02-15', 'Su', 0),
(289, 3, 'Cơ cấu tổ chức', 'upload/download1.jpg', 'Su làm BT phân trang', '2022-10-19', 'Su', 1),
(290, 4, 'Công tác sinh viên', 'upload/download1.jpg', 'Su làm BT phân trang', '2022-10-26', 'Su', 0),
(291, 5, 'Giới thiêu', 'upload/download1.jpg', 'Su làm BT phân trang', '2022-10-19', 'Su', 0),
(292, 6, 'Giới thiệu2', 'upload/download1.jpg', 'Su làm BT phân trang', '2022-10-20', 'Su', 1),
(293, 7, 'Media', 'upload/download1.jpg', 'Su làm BT phân trang', '2022-10-19', 'Su', 0),
(294, 8, 'Call me Su', 'upload/download1.jpg', 'Su làm BT phân trang', '2022-10-26', 'Su', 1),
(295, 9, 'Test123', 'upload/download1.jpg', 'Su làm BT phân trang', '2022-10-13', 'Su', 1),
(296, 8, 'Call me Su', 'upload/56330968_2427330570886552_5955067783350845440_n.png', 'Su làm BT phân trang', '2022-10-17', 'Su', 1),
(297, 7, 'Media', 'upload/56330968_2427330570886552_5955067783350845440_n.png', 'Su làm BT phân trang', '2022-10-17', 'Su', 1),
(298, 1, '46. Tin tức', 'upload/download1.jpg', 'Su làm BT phân trang', '2002-02-15', 'Su', 0),
(299, 2, '46. Tuyển sinh', 'upload/download1.jpg', 'Su làm BT phân trang', '2002-02-15', 'Su', 0),
(300, 1, '47. Tin tức', 'upload/download1.jpg', 'Su làm BT phân trang', '2002-02-15', 'Su', 0),
(301, 2, '47. Tuyển sinh', 'upload/download1.jpg', 'Su làm BT phân trang', '2002-02-15', 'Su', 0),
(302, 3, 'Cơ cấu tổ chức', 'upload/download1.jpg', 'Su làm BT phân trang', '2022-10-19', 'Su', 1),
(303, 4, 'Công tác sinh viên', 'upload/download1.jpg', 'Su làm BT phân trang', '2022-10-26', 'Su', 0),
(304, 5, 'Giới thiêu', 'upload/download1.jpg', 'Su làm BT phân trang', '2022-10-19', 'Su', 0),
(305, 6, 'Giới thiệu2', 'upload/download1.jpg', 'Su làm BT phân trang', '2022-10-20', 'Su', 1),
(306, 7, 'Media', 'upload/download1.jpg', 'Su làm BT phân trang', '2022-10-19', 'Su', 0),
(307, 8, 'Call me Su', 'upload/download1.jpg', 'Su làm BT phân trang', '2022-10-26', 'Su', 1),
(308, 9, 'Test123', 'upload/download1.jpg', 'Su làm BT phân trang', '2022-10-13', 'Su', 1),
(309, 8, 'Call me Su', 'upload/56330968_2427330570886552_5955067783350845440_n.png', 'Su làm BT phân trang', '2022-10-17', 'Su', 1),
(310, 7, 'Media', 'upload/56330968_2427330570886552_5955067783350845440_n.png', 'Su làm BT phân trang', '2022-10-17', 'Su', 1),
(311, 1, '48. Tin tức', 'upload/download1.jpg', 'Su làm BT phân trang', '2002-02-15', 'Su', 0),
(312, 2, '48. Tuyển sinh', 'upload/download1.jpg', 'Su làm BT phân trang', '2002-02-15', 'Su', 0),
(313, 1, '49. Tin tức', 'upload/download1.jpg', 'Su làm BT phân trang', '2002-02-15', 'Su', 0),
(314, 2, '49. Tuyển sinh', 'upload/download1.jpg', 'Su làm BT phân trang', '2002-02-15', 'Su', 0),
(315, 3, 'Cơ cấu tổ chức', 'upload/download1.jpg', 'Su làm BT phân trang', '2022-10-19', 'Su', 1),
(316, 4, 'Công tác sinh viên', 'upload/download1.jpg', 'Su làm BT phân trang', '2022-10-26', 'Su', 0),
(317, 5, 'Giới thiêu', 'upload/download1.jpg', 'Su làm BT phân trang', '2022-10-19', 'Su', 0),
(318, 6, 'Giới thiệu2', 'upload/download1.jpg', 'Su làm BT phân trang', '2022-10-20', 'Su', 1),
(319, 7, 'Media', 'upload/download1.jpg', 'Su làm BT phân trang', '2022-10-19', 'Su', 0),
(320, 8, 'Call me Su', 'upload/download1.jpg', 'Su làm BT phân trang', '2022-10-26', 'Su', 1),
(321, 9, 'Test123', 'upload/download1.jpg', 'Su làm BT phân trang', '2022-10-13', 'Su', 1),
(322, 8, 'Call me Su', 'upload/56330968_2427330570886552_5955067783350845440_n.png', 'Su làm BT phân trang', '2022-10-17', 'Su', 1),
(323, 7, 'Media', 'upload/56330968_2427330570886552_5955067783350845440_n.png', 'Su làm BT phân trang', '2022-10-17', 'Su', 1),
(324, 1, '50. Tin tức', 'upload/download1.jpg', 'Su làm BT phân trang', '2002-02-15', 'Su', 0),
(325, 2, '50. Tuyển sinh', 'upload/download1.jpg', 'Su làm BT phân trang', '2002-02-15', 'Su', 0),
(326, 1, '51. Tin tức', 'upload/download1.jpg', 'Su làm BT phân trang', '2002-02-15', 'Su', 0),
(327, 2, '51. Tuyển sinh', 'upload/download1.jpg', 'Su làm BT phân trang', '2002-02-15', 'Su', 0),
(328, 3, 'Cơ cấu tổ chức', 'upload/download1.jpg', 'Su làm BT phân trang', '2022-10-19', 'Su', 1),
(329, 4, 'Công tác sinh viên', 'upload/download1.jpg', 'Su làm BT phân trang', '2022-10-26', 'Su', 0),
(330, 5, 'Giới thiêu', 'upload/download1.jpg', 'Su làm BT phân trang', '2022-10-19', 'Su', 0),
(331, 6, 'Giới thiệu2', 'upload/download1.jpg', 'Su làm BT phân trang', '2022-10-20', 'Su', 1),
(332, 7, 'Media', 'upload/download1.jpg', 'Su làm BT phân trang', '2022-10-19', 'Su', 0),
(333, 8, 'Call me Su', 'upload/download1.jpg', 'Su làm BT phân trang', '2022-10-26', 'Su', 1),
(334, 9, 'Test123', 'upload/download1.jpg', 'Su làm BT phân trang', '2022-10-13', 'Su', 1),
(335, 8, 'Call me Su', 'upload/56330968_2427330570886552_5955067783350845440_n.png', 'Su làm BT phân trang', '2022-10-17', 'Su', 1),
(336, 7, 'Media', 'upload/56330968_2427330570886552_5955067783350845440_n.png', 'Su làm BT phân trang', '2022-10-17', 'Su', 1),
(337, 1, '52. Tin tức', 'upload/download1.jpg', 'Su làm BT phân trang', '2002-02-15', 'Su', 0),
(338, 2, '52. Tuyển sinh', 'upload/download1.jpg', 'Su làm BT phân trang', '2002-02-15', 'Su', 0),
(339, 1, '53. Tin tức', 'upload/download1.jpg', 'Su làm BT phân trang', '2002-02-15', 'Su', 0),
(340, 2, '53. Tuyển sinh', 'upload/download1.jpg', 'Su làm BT phân trang', '2002-02-15', 'Su', 0),
(341, 3, 'Cơ cấu tổ chức', 'upload/download1.jpg', 'Su làm BT phân trang', '2022-10-19', 'Su', 1),
(342, 4, 'Công tác sinh viên', 'upload/download1.jpg', 'Su làm BT phân trang', '2022-10-26', 'Su', 0),
(343, 5, 'Giới thiêu', 'upload/download1.jpg', 'Su làm BT phân trang', '2022-10-19', 'Su', 0),
(344, 6, 'Giới thiệu2', 'upload/download1.jpg', 'Su làm BT phân trang', '2022-10-20', 'Su', 1),
(345, 7, 'Media', 'upload/download1.jpg', 'Su làm BT phân trang', '2022-10-19', 'Su', 0),
(346, 8, 'Call me Su', 'upload/download1.jpg', 'Su làm BT phân trang', '2022-10-26', 'Su', 1),
(347, 9, 'Test123', 'upload/download1.jpg', 'Su làm BT phân trang', '2022-10-13', 'Su', 1),
(348, 8, 'Call me Su', 'upload/56330968_2427330570886552_5955067783350845440_n.png', 'Su làm BT phân trang', '2022-10-17', 'Su', 1),
(349, 7, 'Media', 'upload/56330968_2427330570886552_5955067783350845440_n.png', 'Su làm BT phân trang', '2022-10-17', 'Su', 1),
(350, 1, '54. Tin tức', 'upload/download1.jpg', 'Su làm BT phân trang', '2002-02-15', 'Su', 0),
(351, 2, '54. Tuyển sinh', 'upload/download1.jpg', 'Su làm BT phân trang', '2002-02-15', 'Su', 0),
(352, 1, '55. Tin tức', 'upload/download1.jpg', 'Su làm BT phân trang', '2002-02-15', 'Su', 0),
(353, 2, '55. Tuyển sinh', 'upload/download1.jpg', 'Su làm BT phân trang', '2002-02-15', 'Su', 0),
(354, 3, 'Cơ cấu tổ chức', 'upload/download1.jpg', 'Su làm BT phân trang', '2022-10-19', 'Su', 1),
(355, 4, 'Công tác sinh viên', 'upload/download1.jpg', 'Su làm BT phân trang', '2022-10-26', 'Su', 0),
(356, 5, 'Giới thiêu', 'upload/download1.jpg', 'Su làm BT phân trang', '2022-10-19', 'Su', 0),
(357, 6, 'Giới thiệu2', 'upload/download1.jpg', 'Su làm BT phân trang', '2022-10-20', 'Su', 1),
(358, 7, 'Media', 'upload/download1.jpg', 'Su làm BT phân trang', '2022-10-19', 'Su', 0),
(359, 8, 'Call me Su', 'upload/download1.jpg', 'Su làm BT phân trang', '2022-10-26', 'Su', 1),
(360, 9, 'Test123', 'upload/download1.jpg', 'Su làm BT phân trang', '2022-10-13', 'Su', 1),
(361, 8, 'Call me Su', 'upload/56330968_2427330570886552_5955067783350845440_n.png', 'Su làm BT phân trang', '2022-10-17', 'Su', 1),
(362, 7, 'Media', 'upload/56330968_2427330570886552_5955067783350845440_n.png', 'Su làm BT phân trang', '2022-10-17', 'Su', 1),
(363, 1, '56. Tin tức', 'upload/download1.jpg', 'Su làm BT phân trang', '2002-02-15', 'Su', 0),
(364, 2, '56. Tuyển sinh', 'upload/download1.jpg', 'Su làm BT phân trang', '2002-02-15', 'Su', 0),
(365, 1, '57. Tin tức', 'upload/download1.jpg', 'Su làm BT phân trang', '2002-02-15', 'Su', 0),
(366, 2, '57. Tuyển sinh', 'upload/download1.jpg', 'Su làm BT phân trang', '2002-02-15', 'Su', 0),
(367, 3, 'Cơ cấu tổ chức', 'upload/download1.jpg', 'Su làm BT phân trang', '2022-10-19', 'Su', 1),
(368, 4, 'Công tác sinh viên', 'upload/download1.jpg', 'Su làm BT phân trang', '2022-10-26', 'Su', 0),
(369, 5, 'Giới thiêu', 'upload/download1.jpg', 'Su làm BT phân trang', '2022-10-19', 'Su', 0),
(370, 6, 'Giới thiệu2', 'upload/download1.jpg', 'Su làm BT phân trang', '2022-10-20', 'Su', 1),
(371, 7, 'Media', 'upload/download1.jpg', 'Su làm BT phân trang', '2022-10-19', 'Su', 0),
(372, 8, 'Call me Su', 'upload/download1.jpg', 'Su làm BT phân trang', '2022-10-26', 'Su', 1),
(373, 9, 'Test123', 'upload/download1.jpg', 'Su làm BT phân trang', '2022-10-13', 'Su', 1),
(374, 8, 'Call me Su', 'upload/56330968_2427330570886552_5955067783350845440_n.png', 'Su làm BT phân trang', '2022-10-17', 'Su', 1),
(375, 7, 'Media', 'upload/56330968_2427330570886552_5955067783350845440_n.png', 'Su làm BT phân trang', '2022-10-17', 'Su', 1),
(376, 1, '58. Tin tức', 'upload/download1.jpg', 'Su làm BT phân trang', '2002-02-15', 'Su', 0),
(377, 2, '58. Tuyển sinh', 'upload/download1.jpg', 'Su làm BT phân trang', '2002-02-15', 'Su', 0),
(378, 1, '59. Tin tức', 'upload/download1.jpg', 'Su làm BT phân trang', '2002-02-15', 'Su', 0),
(379, 2, '59. Tuyển sinh', 'upload/download1.jpg', 'Su làm BT phân trang', '2002-02-15', 'Su', 0),
(380, 3, 'Cơ cấu tổ chức', 'upload/download1.jpg', 'Su làm BT phân trang', '2022-10-19', 'Su', 1),
(381, 4, 'Công tác sinh viên', 'upload/download1.jpg', 'Su làm BT phân trang', '2022-10-26', 'Su', 0),
(382, 5, 'Giới thiêu', 'upload/download1.jpg', 'Su làm BT phân trang', '2022-10-19', 'Su', 0),
(383, 6, 'Giới thiệu2', 'upload/download1.jpg', 'Su làm BT phân trang', '2022-10-20', 'Su', 1),
(384, 7, 'Media', 'upload/download1.jpg', 'Su làm BT phân trang', '2022-10-19', 'Su', 0),
(385, 8, 'Call me Su', 'upload/download1.jpg', 'Su làm BT phân trang', '2022-10-26', 'Su', 1),
(386, 9, 'Test123', 'upload/download1.jpg', 'Su làm BT phân trang', '2022-10-13', 'Su', 1),
(387, 8, 'Call me Su', 'upload/56330968_2427330570886552_5955067783350845440_n.png', 'Su làm BT phân trang', '2022-10-17', 'Su', 1),
(388, 7, 'Media', 'upload/56330968_2427330570886552_5955067783350845440_n.png', 'Su làm BT phân trang', '2022-10-17', 'Su', 1),
(389, 1, '60. Tin tức', 'upload/download1.jpg', 'Su làm BT phân trang', '2002-02-15', 'Su', 0),
(390, 2, '60. Tuyển sinh', 'upload/download1.jpg', 'Su làm BT phân trang', '2002-02-15', 'Su', 0),
(391, 1, '61. Tin tức', 'upload/download1.jpg', 'Su làm BT phân trang', '2002-02-15', 'Su', 0),
(392, 2, '61. Tuyển sinh', 'upload/download1.jpg', 'Su làm BT phân trang', '2002-02-15', 'Su', 0),
(393, 3, 'Cơ cấu tổ chức', 'upload/download1.jpg', 'Su làm BT phân trang', '2022-10-19', 'Su', 1),
(394, 4, 'Công tác sinh viên', 'upload/download1.jpg', 'Su làm BT phân trang', '2022-10-26', 'Su', 0),
(395, 5, 'Giới thiêu', 'upload/download1.jpg', 'Su làm BT phân trang', '2022-10-19', 'Su', 0),
(396, 6, 'Giới thiệu2', 'upload/download1.jpg', 'Su làm BT phân trang', '2022-10-20', 'Su', 1),
(397, 7, 'Media', 'upload/download1.jpg', 'Su làm BT phân trang', '2022-10-19', 'Su', 0),
(398, 8, 'Call me Su', 'upload/download1.jpg', 'Su làm BT phân trang', '2022-10-26', 'Su', 1),
(399, 9, 'Test123', 'upload/download1.jpg', 'Su làm BT phân trang', '2022-10-13', 'Su', 1),
(400, 8, 'Call me Su', 'upload/56330968_2427330570886552_5955067783350845440_n.png', 'Su làm BT phân trang', '2022-10-17', 'Su', 1),
(401, 7, 'Media', 'upload/56330968_2427330570886552_5955067783350845440_n.png', 'Su làm BT phân trang', '2022-10-17', 'Su', 1),
(402, 1, '62. Tin tức', 'upload/download1.jpg', 'Su làm BT phân trang', '2002-02-15', 'Su', 0),
(403, 2, '62. Tuyển sinh', 'upload/download1.jpg', 'Su làm BT phân trang', '2002-02-15', 'Su', 0),
(404, 1, '63. Tin tức', 'upload/download1.jpg', 'Su làm BT phân trang', '2002-02-15', 'Su', 0),
(405, 2, '63. Tuyển sinh', 'upload/download1.jpg', 'Su làm BT phân trang', '2002-02-15', 'Su', 0),
(406, 3, 'Cơ cấu tổ chức', 'upload/download1.jpg', 'Su làm BT phân trang', '2022-10-19', 'Su', 1),
(407, 4, 'Công tác sinh viên', 'upload/download1.jpg', 'Su làm BT phân trang', '2022-10-26', 'Su', 0),
(408, 5, 'Giới thiêu', 'upload/download1.jpg', 'Su làm BT phân trang', '2022-10-19', 'Su', 0),
(409, 6, 'Giới thiệu2', 'upload/download1.jpg', 'Su làm BT phân trang', '2022-10-20', 'Su', 1),
(410, 7, 'Media', 'upload/download1.jpg', 'Su làm BT phân trang', '2022-10-19', 'Su', 0),
(411, 8, 'Call me Su', 'upload/download1.jpg', 'Su làm BT phân trang', '2022-10-26', 'Su', 1),
(412, 9, 'Test123', 'upload/download1.jpg', 'Su làm BT phân trang', '2022-10-13', 'Su', 1),
(413, 8, 'Call me Su', 'upload/56330968_2427330570886552_5955067783350845440_n.png', 'Su làm BT phân trang', '2022-10-17', 'Su', 1),
(414, 7, 'Media', 'upload/56330968_2427330570886552_5955067783350845440_n.png', 'Su làm BT phân trang', '2022-10-17', 'Su', 1),
(415, 1, '64. Tin tức', 'upload/download1.jpg', 'Su làm BT phân trang', '2002-02-15', 'Su', 0),
(416, 2, '64. Tuyển sinh', 'upload/download1.jpg', 'Su làm BT phân trang', '2002-02-15', 'Su', 0),
(417, 1, '65. Tin tức', 'upload/download1.jpg', 'Su làm BT phân trang', '2002-02-15', 'Su', 0),
(418, 2, '65. Tuyển sinh', 'upload/download1.jpg', 'Su làm BT phân trang', '2002-02-15', 'Su', 0),
(419, 3, 'Cơ cấu tổ chức', 'upload/download1.jpg', 'Su làm BT phân trang', '2022-10-19', 'Su', 1),
(420, 4, 'Công tác sinh viên', 'upload/download1.jpg', 'Su làm BT phân trang', '2022-10-26', 'Su', 0),
(421, 5, 'Giới thiêu', 'upload/download1.jpg', 'Su làm BT phân trang', '2022-10-19', 'Su', 0),
(422, 6, 'Giới thiệu2', 'upload/download1.jpg', 'Su làm BT phân trang', '2022-10-20', 'Su', 1),
(423, 7, 'Media', 'upload/download1.jpg', 'Su làm BT phân trang', '2022-10-19', 'Su', 0),
(424, 8, 'Call me Su', 'upload/download1.jpg', 'Su làm BT phân trang', '2022-10-26', 'Su', 1),
(425, 9, 'Test123', 'upload/download1.jpg', 'Su làm BT phân trang', '2022-10-13', 'Su', 1),
(426, 8, 'Call me Su', 'upload/56330968_2427330570886552_5955067783350845440_n.png', 'Su làm BT phân trang', '2022-10-17', 'Su', 1),
(427, 7, 'Media', 'upload/56330968_2427330570886552_5955067783350845440_n.png', 'Su làm BT phân trang', '2022-10-17', 'Su', 1),
(428, 1, '66. Tin tức', 'upload/download1.jpg', 'Su làm BT phân trang', '2002-02-15', 'Su', 0),
(429, 2, '66. Tuyển sinh', 'upload/download1.jpg', 'Su làm BT phân trang', '2002-02-15', 'Su', 0),
(430, 1, '67. Tin tức', 'upload/download1.jpg', 'Su làm BT phân trang', '2002-02-15', 'Su', 0),
(431, 2, '67. Tuyển sinh', 'upload/download1.jpg', 'Su làm BT phân trang', '2002-02-15', 'Su', 0),
(432, 3, 'Cơ cấu tổ chức', 'upload/download1.jpg', 'Su làm BT phân trang', '2022-10-19', 'Su', 1),
(433, 4, 'Công tác sinh viên', 'upload/download1.jpg', 'Su làm BT phân trang', '2022-10-26', 'Su', 0),
(434, 5, 'Giới thiêu', 'upload/download1.jpg', 'Su làm BT phân trang', '2022-10-19', 'Su', 0),
(435, 6, 'Giới thiệu2', 'upload/download1.jpg', 'Su làm BT phân trang', '2022-10-20', 'Su', 1),
(436, 7, 'Media', 'upload/download1.jpg', 'Su làm BT phân trang', '2022-10-19', 'Su', 0),
(437, 8, 'Call me Su', 'upload/download1.jpg', 'Su làm BT phân trang', '2022-10-26', 'Su', 1),
(438, 9, 'Test123', 'upload/download1.jpg', 'Su làm BT phân trang', '2022-10-13', 'Su', 1),
(439, 8, 'Call me Su', 'upload/56330968_2427330570886552_5955067783350845440_n.png', 'Su làm BT phân trang', '2022-10-17', 'Su', 1),
(440, 7, 'Media', 'upload/56330968_2427330570886552_5955067783350845440_n.png', 'Su làm BT phân trang', '2022-10-17', 'Su', 1),
(441, 1, '68. Tin tức', 'upload/download1.jpg', 'Su làm BT phân trang', '2002-02-15', 'Su', 0),
(442, 2, '68. Tuyển sinh', 'upload/download1.jpg', 'Su làm BT phân trang', '2002-02-15', 'Su', 0),
(443, 1, '69. Tin tức', 'upload/download1.jpg', 'Su làm BT phân trang', '2002-02-15', 'Su', 0),
(444, 2, '69. Tuyển sinh', 'upload/download1.jpg', 'Su làm BT phân trang', '2002-02-15', 'Su', 0),
(445, 3, 'Cơ cấu tổ chức', 'upload/download1.jpg', 'Su làm BT phân trang', '2022-10-19', 'Su', 1),
(446, 4, 'Công tác sinh viên', 'upload/download1.jpg', 'Su làm BT phân trang', '2022-10-26', 'Su', 0),
(447, 5, 'Giới thiêu', 'upload/download1.jpg', 'Su làm BT phân trang', '2022-10-19', 'Su', 0),
(448, 6, 'Giới thiệu2', 'upload/download1.jpg', 'Su làm BT phân trang', '2022-10-20', 'Su', 1),
(449, 7, 'Media', 'upload/download1.jpg', 'Su làm BT phân trang', '2022-10-19', 'Su', 0),
(450, 8, 'Call me Su', 'upload/download1.jpg', 'Su làm BT phân trang', '2022-10-26', 'Su', 1),
(451, 9, 'Test123', 'upload/download1.jpg', 'Su làm BT phân trang', '2022-10-13', 'Su', 1),
(452, 8, 'Call me Su', 'upload/56330968_2427330570886552_5955067783350845440_n.png', 'Su làm BT phân trang', '2022-10-17', 'Su', 1),
(453, 7, 'Media', 'upload/56330968_2427330570886552_5955067783350845440_n.png', 'Su làm BT phân trang', '2022-10-17', 'Su', 1),
(454, 1, '70. Tin tức', 'upload/download1.jpg', 'Su làm BT phân trang', '2002-02-15', 'Su', 0),
(455, 2, '70. Tuyển sinh', 'upload/download1.jpg', 'Su làm BT phân trang', '2002-02-15', 'Su', 0),
(456, 1, '71. Tin tức', 'upload/download1.jpg', 'Su làm BT phân trang', '2002-02-15', 'Su', 0),
(457, 2, '71. Tuyển sinh', 'upload/download1.jpg', 'Su làm BT phân trang', '2002-02-15', 'Su', 0),
(458, 3, 'Cơ cấu tổ chức', 'upload/download1.jpg', 'Su làm BT phân trang', '2022-10-19', 'Su', 1),
(459, 4, 'Công tác sinh viên', 'upload/download1.jpg', 'Su làm BT phân trang', '2022-10-26', 'Su', 0),
(460, 5, 'Giới thiêu', 'upload/download1.jpg', 'Su làm BT phân trang', '2022-10-19', 'Su', 0),
(461, 6, 'Giới thiệu2', 'upload/download1.jpg', 'Su làm BT phân trang', '2022-10-20', 'Su', 1),
(462, 7, 'Media', 'upload/download1.jpg', 'Su làm BT phân trang', '2022-10-19', 'Su', 0),
(463, 8, 'Call me Su', 'upload/download1.jpg', 'Su làm BT phân trang', '2022-10-26', 'Su', 1),
(464, 9, 'Test123', 'upload/download1.jpg', 'Su làm BT phân trang', '2022-10-13', 'Su', 1),
(465, 8, 'Call me Su', 'upload/56330968_2427330570886552_5955067783350845440_n.png', 'Su làm BT phân trang', '2022-10-17', 'Su', 1),
(466, 7, 'Media', 'upload/56330968_2427330570886552_5955067783350845440_n.png', 'Su làm BT phân trang', '2022-10-17', 'Su', 1),
(467, 1, '72. Tin tức', 'upload/download1.jpg', 'Su làm BT phân trang', '2002-02-15', 'Su', 0),
(468, 2, '72. Tuyển sinh', 'upload/download1.jpg', 'Su làm BT phân trang', '2002-02-15', 'Su', 0),
(469, 1, '73. Tin tức', 'upload/download1.jpg', 'Su làm BT phân trang', '2002-02-15', 'Su', 0),
(470, 2, '73. Tuyển sinh', 'upload/download1.jpg', 'Su làm BT phân trang', '2002-02-15', 'Su', 0),
(471, 3, 'Cơ cấu tổ chức', 'upload/download1.jpg', 'Su làm BT phân trang', '2022-10-19', 'Su', 1),
(472, 4, 'Công tác sinh viên', 'upload/download1.jpg', 'Su làm BT phân trang', '2022-10-26', 'Su', 0),
(473, 5, 'Giới thiêu', 'upload/download1.jpg', 'Su làm BT phân trang', '2022-10-19', 'Su', 0),
(474, 6, 'Giới thiệu2', 'upload/download1.jpg', 'Su làm BT phân trang', '2022-10-20', 'Su', 1),
(475, 7, 'Media', 'upload/download1.jpg', 'Su làm BT phân trang', '2022-10-19', 'Su', 0),
(476, 8, 'Call me Su', 'upload/download1.jpg', 'Su làm BT phân trang', '2022-10-26', 'Su', 1),
(477, 9, 'Test123', 'upload/download1.jpg', 'Su làm BT phân trang', '2022-10-13', 'Su', 1),
(478, 8, 'Call me Su', 'upload/56330968_2427330570886552_5955067783350845440_n.png', 'Su làm BT phân trang', '2022-10-17', 'Su', 1),
(479, 7, 'Media', 'upload/56330968_2427330570886552_5955067783350845440_n.png', 'Su làm BT phân trang', '2022-10-17', 'Su', 1),
(480, 1, '74. Tin tức', 'upload/download1.jpg', 'Su làm BT phân trang', '2002-02-15', 'Su', 0),
(481, 2, '74. Tuyển sinh', 'upload/download1.jpg', 'Su làm BT phân trang', '2002-02-15', 'Su', 0),
(482, 1, '75. Tin tức', 'upload/download1.jpg', 'Su làm BT phân trang', '2002-02-15', 'Su', 0),
(483, 2, '75. Tuyển sinh', 'upload/download1.jpg', 'Su làm BT phân trang', '2002-02-15', 'Su', 0),
(484, 3, 'Cơ cấu tổ chức', 'upload/download1.jpg', 'Su làm BT phân trang', '2022-10-19', 'Su', 1),
(485, 4, 'Công tác sinh viên', 'upload/download1.jpg', 'Su làm BT phân trang', '2022-10-26', 'Su', 0),
(486, 5, 'Giới thiêu', 'upload/download1.jpg', 'Su làm BT phân trang', '2022-10-19', 'Su', 0),
(487, 6, 'Giới thiệu2', 'upload/download1.jpg', 'Su làm BT phân trang', '2022-10-20', 'Su', 1),
(488, 7, 'Media', 'upload/download1.jpg', 'Su làm BT phân trang', '2022-10-19', 'Su', 0),
(489, 8, 'Call me Su', 'upload/download1.jpg', 'Su làm BT phân trang', '2022-10-26', 'Su', 1),
(490, 9, 'Test123', 'upload/download1.jpg', 'Su làm BT phân trang', '2022-10-13', 'Su', 1),
(491, 8, 'Call me Su', 'upload/56330968_2427330570886552_5955067783350845440_n.png', 'Su làm BT phân trang', '2022-10-17', 'Su', 1),
(492, 7, 'Media', 'upload/56330968_2427330570886552_5955067783350845440_n.png', 'Su làm BT phân trang', '2022-10-17', 'Su', 1),
(493, 1, '76. Tin tức', 'upload/download1.jpg', 'Su làm BT phân trang', '2002-02-15', 'Su', 0),
(494, 2, '76. Tuyển sinh', 'upload/download1.jpg', 'Su làm BT phân trang', '2002-02-15', 'Su', 0),
(495, 1, '77. Tin tức', 'upload/download1.jpg', 'Su làm BT phân trang', '2002-02-15', 'Su', 0),
(496, 2, '77. Tuyển sinh', 'upload/download1.jpg', 'Su làm BT phân trang', '2002-02-15', 'Su', 0),
(497, 3, 'Cơ cấu tổ chức', 'upload/download1.jpg', 'Su làm BT phân trang', '2022-10-19', 'Su', 1),
(498, 4, 'Công tác sinh viên', 'upload/download1.jpg', 'Su làm BT phân trang', '2022-10-26', 'Su', 0),
(499, 5, 'Giới thiêu', 'upload/download1.jpg', 'Su làm BT phân trang', '2022-10-19', 'Su', 0),
(500, 6, 'Giới thiệu2', 'upload/download1.jpg', 'Su làm BT phân trang', '2022-10-20', 'Su', 1),
(501, 7, 'Media', 'upload/download1.jpg', 'Su làm BT phân trang', '2022-10-19', 'Su', 0),
(502, 8, 'Call me Su', 'upload/download1.jpg', 'Su làm BT phân trang', '2022-10-26', 'Su', 1);
INSERT INTO `tbl_news` (`News_ID`, `Cate_ID`, `Title`, `Intro_Image`, `Description`, `Post_Date`, `Author`, `Status`) VALUES
(503, 9, 'Test123', 'upload/download1.jpg', 'Su làm BT phân trang', '2022-10-13', 'Su', 1),
(504, 8, 'Call me Su', 'upload/56330968_2427330570886552_5955067783350845440_n.png', 'Su làm BT phân trang', '2022-10-17', 'Su', 1),
(505, 7, 'Media', 'upload/56330968_2427330570886552_5955067783350845440_n.png', 'Su làm BT phân trang', '2022-10-17', 'Su', 1),
(506, 1, '78. Tin tức', 'upload/download1.jpg', 'Su làm BT phân trang', '2002-02-15', 'Su', 0),
(507, 2, '78. Tuyển sinh', 'upload/download1.jpg', 'Su làm BT phân trang', '2002-02-15', 'Su', 0),
(508, 1, '79. Tin tức', 'upload/download1.jpg', 'Su làm BT phân trang', '2002-02-15', 'Su', 0),
(509, 2, '79. Tuyển sinh', 'upload/download1.jpg', 'Su làm BT phân trang', '2002-02-15', 'Su', 0),
(510, 3, 'Cơ cấu tổ chức', 'upload/download1.jpg', 'Su làm BT phân trang', '2022-10-19', 'Su', 1),
(511, 4, 'Công tác sinh viên', 'upload/download1.jpg', 'Su làm BT phân trang', '2022-10-26', 'Su', 0),
(512, 5, 'Giới thiêu', 'upload/download1.jpg', 'Su làm BT phân trang', '2022-10-19', 'Su', 0),
(513, 6, 'Giới thiệu2', 'upload/download1.jpg', 'Su làm BT phân trang', '2022-10-20', 'Su', 1),
(514, 7, 'Media', 'upload/download1.jpg', 'Su làm BT phân trang', '2022-10-19', 'Su', 0),
(515, 8, 'Call me Su', 'upload/download1.jpg', 'Su làm BT phân trang', '2022-10-26', 'Su', 1),
(516, 9, 'Test123', 'upload/download1.jpg', 'Su làm BT phân trang', '2022-10-13', 'Su', 1),
(517, 8, 'Call me Su', 'upload/56330968_2427330570886552_5955067783350845440_n.png', 'Su làm BT phân trang', '2022-10-17', 'Su', 1),
(518, 7, 'Media', 'upload/56330968_2427330570886552_5955067783350845440_n.png', 'Su làm BT phân trang', '2022-10-17', 'Su', 1),
(519, 1, '80. Tin tức', 'upload/download1.jpg', 'Su làm BT phân trang', '2002-02-15', 'Su', 0),
(520, 2, '80. Tuyển sinh', 'upload/download1.jpg', 'Su làm BT phân trang', '2002-02-15', 'Su', 0),
(521, 1, '81. Tin tức', 'upload/download1.jpg', 'Su làm BT phân trang', '2002-02-15', 'Su', 0),
(522, 2, '81. Tuyển sinh', 'upload/download1.jpg', 'Su làm BT phân trang', '2002-02-15', 'Su', 0),
(523, 3, 'Cơ cấu tổ chức', 'upload/download1.jpg', 'Su làm BT phân trang', '2022-10-19', 'Su', 1),
(524, 4, 'Công tác sinh viên', 'upload/download1.jpg', 'Su làm BT phân trang', '2022-10-26', 'Su', 0),
(525, 5, 'Giới thiêu', 'upload/download1.jpg', 'Su làm BT phân trang', '2022-10-19', 'Su', 0),
(526, 6, 'Giới thiệu2', 'upload/download1.jpg', 'Su làm BT phân trang', '2022-10-20', 'Su', 1),
(527, 7, 'Media', 'upload/download1.jpg', 'Su làm BT phân trang', '2022-10-19', 'Su', 0),
(528, 8, 'Call me Su', 'upload/download1.jpg', 'Su làm BT phân trang', '2022-10-26', 'Su', 1),
(529, 9, 'Test123', 'upload/download1.jpg', 'Su làm BT phân trang', '2022-10-13', 'Su', 1),
(530, 8, 'Call me Su', 'upload/56330968_2427330570886552_5955067783350845440_n.png', 'Su làm BT phân trang', '2022-10-17', 'Su', 1),
(531, 7, 'Media', 'upload/56330968_2427330570886552_5955067783350845440_n.png', 'Su làm BT phân trang', '2022-10-17', 'Su', 1),
(532, 1, '82. Tin tức', 'upload/download1.jpg', 'Su làm BT phân trang', '2002-02-15', 'Su', 0),
(533, 2, '82. Tuyển sinh', 'upload/download1.jpg', 'Su làm BT phân trang', '2002-02-15', 'Su', 0),
(534, 1, '83. Tin tức', 'upload/download1.jpg', 'Su làm BT phân trang', '2002-02-15', 'Su', 0),
(535, 2, '83. Tuyển sinh', 'upload/download1.jpg', 'Su làm BT phân trang', '2002-02-15', 'Su', 0),
(536, 3, 'Cơ cấu tổ chức', 'upload/download1.jpg', 'Su làm BT phân trang', '2022-10-19', 'Su', 1),
(537, 4, 'Công tác sinh viên', 'upload/download1.jpg', 'Su làm BT phân trang', '2022-10-26', 'Su', 0),
(538, 5, 'Giới thiêu', 'upload/download1.jpg', 'Su làm BT phân trang', '2022-10-19', 'Su', 0),
(539, 6, 'Giới thiệu2', 'upload/download1.jpg', 'Su làm BT phân trang', '2022-10-20', 'Su', 1),
(540, 7, 'Media', 'upload/download1.jpg', 'Su làm BT phân trang', '2022-10-19', 'Su', 0),
(541, 8, 'Call me Su', 'upload/download1.jpg', 'Su làm BT phân trang', '2022-10-26', 'Su', 1),
(542, 9, 'Test123', 'upload/download1.jpg', 'Su làm BT phân trang', '2022-10-13', 'Su', 1),
(543, 8, 'Call me Su', 'upload/56330968_2427330570886552_5955067783350845440_n.png', 'Su làm BT phân trang', '2022-10-17', 'Su', 1),
(544, 7, 'Media', 'upload/56330968_2427330570886552_5955067783350845440_n.png', 'Su làm BT phân trang', '2022-10-17', 'Su', 1),
(545, 1, '84. Tin tức', 'upload/download1.jpg', 'Su làm BT phân trang', '2002-02-15', 'Su', 0),
(546, 2, '84. Tuyển sinh', 'upload/download1.jpg', 'Su làm BT phân trang', '2002-02-15', 'Su', 0),
(547, 1, '85. Tin tức', 'upload/download1.jpg', 'Su làm BT phân trang', '2002-02-15', 'Su', 0),
(548, 2, '85. Tuyển sinh', 'upload/download1.jpg', 'Su làm BT phân trang', '2002-02-15', 'Su', 0),
(549, 3, 'Cơ cấu tổ chức', 'upload/download1.jpg', 'Su làm BT phân trang', '2022-10-19', 'Su', 1),
(550, 4, 'Công tác sinh viên', 'upload/download1.jpg', 'Su làm BT phân trang', '2022-10-26', 'Su', 0),
(551, 5, 'Giới thiêu', 'upload/download1.jpg', 'Su làm BT phân trang', '2022-10-19', 'Su', 0),
(552, 6, 'Giới thiệu2', 'upload/download1.jpg', 'Su làm BT phân trang', '2022-10-20', 'Su', 1),
(553, 7, 'Media', 'upload/download1.jpg', 'Su làm BT phân trang', '2022-10-19', 'Su', 0),
(554, 8, 'Call me Su', 'upload/download1.jpg', 'Su làm BT phân trang', '2022-10-26', 'Su', 1),
(555, 9, 'Test123', 'upload/download1.jpg', 'Su làm BT phân trang', '2022-10-13', 'Su', 1),
(556, 8, 'Call me Su', 'upload/56330968_2427330570886552_5955067783350845440_n.png', 'Su làm BT phân trang', '2022-10-17', 'Su', 1),
(557, 7, 'Media', 'upload/56330968_2427330570886552_5955067783350845440_n.png', 'Su làm BT phân trang', '2022-10-17', 'Su', 1),
(558, 1, '86. Tin tức', 'upload/download1.jpg', 'Su làm BT phân trang', '2002-02-15', 'Su', 0),
(559, 2, '86. Tuyển sinh', 'upload/download1.jpg', 'Su làm BT phân trang', '2002-02-15', 'Su', 0),
(560, 1, '87. Tin tức', 'upload/download1.jpg', 'Su làm BT phân trang', '2002-02-15', 'Su', 0),
(561, 2, '87. Tuyển sinh', 'upload/download1.jpg', 'Su làm BT phân trang', '2002-02-15', 'Su', 0),
(562, 3, 'Cơ cấu tổ chức', 'upload/download1.jpg', 'Su làm BT phân trang', '2022-10-19', 'Su', 1),
(563, 4, 'Công tác sinh viên', 'upload/download1.jpg', 'Su làm BT phân trang', '2022-10-26', 'Su', 0),
(564, 5, 'Giới thiêu', 'upload/download1.jpg', 'Su làm BT phân trang', '2022-10-19', 'Su', 0),
(565, 6, 'Giới thiệu2', 'upload/download1.jpg', 'Su làm BT phân trang', '2022-10-20', 'Su', 1),
(566, 7, 'Media', 'upload/download1.jpg', 'Su làm BT phân trang', '2022-10-19', 'Su', 0),
(567, 8, 'Call me Su', 'upload/download1.jpg', 'Su làm BT phân trang', '2022-10-26', 'Su', 1),
(568, 9, 'Test123', 'upload/download1.jpg', 'Su làm BT phân trang', '2022-10-13', 'Su', 1),
(569, 8, 'Call me Su', 'upload/56330968_2427330570886552_5955067783350845440_n.png', 'Su làm BT phân trang', '2022-10-17', 'Su', 1),
(570, 7, 'Media', 'upload/56330968_2427330570886552_5955067783350845440_n.png', 'Su làm BT phân trang', '2022-10-17', 'Su', 1),
(571, 1, '88. Tin tức', 'upload/download1.jpg', 'Su làm BT phân trang', '2002-02-15', 'Su', 0),
(572, 2, '88. Tuyển sinh', 'upload/download1.jpg', 'Su làm BT phân trang', '2002-02-15', 'Su', 0),
(573, 1, '89. Tin tức', 'upload/download1.jpg', 'Su làm BT phân trang', '2002-02-15', 'Su', 0),
(574, 2, '89. Tuyển sinh', 'upload/download1.jpg', 'Su làm BT phân trang', '2002-02-15', 'Su', 0),
(575, 3, 'Cơ cấu tổ chức', 'upload/download1.jpg', 'Su làm BT phân trang', '2022-10-19', 'Su', 1),
(576, 4, 'Công tác sinh viên', 'upload/download1.jpg', 'Su làm BT phân trang', '2022-10-26', 'Su', 0),
(577, 5, 'Giới thiêu', 'upload/download1.jpg', 'Su làm BT phân trang', '2022-10-19', 'Su', 0),
(578, 6, 'Giới thiệu2', 'upload/download1.jpg', 'Su làm BT phân trang', '2022-10-20', 'Su', 1),
(579, 7, 'Media', 'upload/download1.jpg', 'Su làm BT phân trang', '2022-10-19', 'Su', 0),
(580, 8, 'Call me Su', 'upload/download1.jpg', 'Su làm BT phân trang', '2022-10-26', 'Su', 1),
(581, 9, 'Test123', 'upload/download1.jpg', 'Su làm BT phân trang', '2022-10-13', 'Su', 1),
(582, 8, 'Call me Su', 'upload/56330968_2427330570886552_5955067783350845440_n.png', 'Su làm BT phân trang', '2022-10-17', 'Su', 1),
(583, 7, 'Media', 'upload/56330968_2427330570886552_5955067783350845440_n.png', 'Su làm BT phân trang', '2022-10-17', 'Su', 1),
(584, 1, '90. Tin tức', 'upload/download1.jpg', 'Su làm BT phân trang', '2002-02-15', 'Su', 0),
(585, 2, '90. Tuyển sinh', 'upload/download1.jpg', 'Su làm BT phân trang', '2002-02-15', 'Su', 0),
(586, 1, '91. Tin tức', 'upload/download1.jpg', 'Su làm BT phân trang', '2002-02-15', 'Su', 0),
(587, 2, '91. Tuyển sinh', 'upload/download1.jpg', 'Su làm BT phân trang', '2002-02-15', 'Su', 0),
(588, 3, 'Cơ cấu tổ chức', 'upload/download1.jpg', 'Su làm BT phân trang', '2022-10-19', 'Su', 1),
(589, 4, 'Công tác sinh viên', 'upload/download1.jpg', 'Su làm BT phân trang', '2022-10-26', 'Su', 0),
(590, 5, 'Giới thiêu', 'upload/download1.jpg', 'Su làm BT phân trang', '2022-10-19', 'Su', 0),
(591, 6, 'Giới thiệu2', 'upload/download1.jpg', 'Su làm BT phân trang', '2022-10-20', 'Su', 1),
(592, 7, 'Media', 'upload/download1.jpg', 'Su làm BT phân trang', '2022-10-19', 'Su', 0),
(593, 8, 'Call me Su', 'upload/download1.jpg', 'Su làm BT phân trang', '2022-10-26', 'Su', 1),
(594, 9, 'Test123', 'upload/download1.jpg', 'Su làm BT phân trang', '2022-10-13', 'Su', 1),
(595, 8, 'Call me Su', 'upload/56330968_2427330570886552_5955067783350845440_n.png', 'Su làm BT phân trang', '2022-10-17', 'Su', 1),
(596, 7, 'Media', 'upload/56330968_2427330570886552_5955067783350845440_n.png', 'Su làm BT phân trang', '2022-10-17', 'Su', 1),
(597, 1, '92. Tin tức', 'upload/download1.jpg', 'Su làm BT phân trang', '2002-02-15', 'Su', 0),
(598, 2, '92. Tuyển sinh', 'upload/download1.jpg', 'Su làm BT phân trang', '2002-02-15', 'Su', 0),
(599, 1, '93. Tin tức', 'upload/download1.jpg', 'Su làm BT phân trang', '2002-02-15', 'Su', 0),
(600, 2, '93. Tuyển sinh', 'upload/download1.jpg', 'Su làm BT phân trang', '2002-02-15', 'Su', 0),
(601, 3, 'Cơ cấu tổ chức', 'upload/download1.jpg', 'Su làm BT phân trang', '2022-10-19', 'Su', 1),
(602, 4, 'Công tác sinh viên', 'upload/download1.jpg', 'Su làm BT phân trang', '2022-10-26', 'Su', 0),
(603, 5, 'Giới thiêu', 'upload/download1.jpg', 'Su làm BT phân trang', '2022-10-19', 'Su', 0),
(604, 6, 'Giới thiệu2', 'upload/download1.jpg', 'Su làm BT phân trang', '2022-10-20', 'Su', 1),
(605, 7, 'Media', 'upload/download1.jpg', 'Su làm BT phân trang', '2022-10-19', 'Su', 0),
(606, 8, 'Call me Su', 'upload/download1.jpg', 'Su làm BT phân trang', '2022-10-26', 'Su', 1),
(607, 9, 'Test123', 'upload/download1.jpg', 'Su làm BT phân trang', '2022-10-13', 'Su', 1),
(608, 8, 'Call me Su', 'upload/56330968_2427330570886552_5955067783350845440_n.png', 'Su làm BT phân trang', '2022-10-17', 'Su', 1),
(609, 7, 'Media', 'upload/56330968_2427330570886552_5955067783350845440_n.png', 'Su làm BT phân trang', '2022-10-17', 'Su', 1),
(610, 1, '94. Tin tức', 'upload/download1.jpg', 'Su làm BT phân trang', '2002-02-15', 'Su', 0),
(611, 2, '94. Tuyển sinh', 'upload/download1.jpg', 'Su làm BT phân trang', '2002-02-15', 'Su', 0),
(612, 1, '95. Tin tức', 'upload/download1.jpg', 'Su làm BT phân trang', '2002-02-15', 'Su', 0),
(613, 2, '95. Tuyển sinh', 'upload/download1.jpg', 'Su làm BT phân trang', '2002-02-15', 'Su', 0),
(614, 3, 'Cơ cấu tổ chức', 'upload/download1.jpg', 'Su làm BT phân trang', '2022-10-19', 'Su', 1),
(615, 4, 'Công tác sinh viên', 'upload/download1.jpg', 'Su làm BT phân trang', '2022-10-26', 'Su', 0),
(616, 5, 'Giới thiêu', 'upload/download1.jpg', 'Su làm BT phân trang', '2022-10-19', 'Su', 0),
(617, 6, 'Giới thiệu2', 'upload/download1.jpg', 'Su làm BT phân trang', '2022-10-20', 'Su', 1),
(618, 7, 'Media', 'upload/download1.jpg', 'Su làm BT phân trang', '2022-10-19', 'Su', 0),
(619, 8, 'Call me Su', 'upload/download1.jpg', 'Su làm BT phân trang', '2022-10-26', 'Su', 1),
(620, 9, 'Test123', 'upload/download1.jpg', 'Su làm BT phân trang', '2022-10-13', 'Su', 1),
(621, 8, 'Call me Su', 'upload/56330968_2427330570886552_5955067783350845440_n.png', 'Su làm BT phân trang', '2022-10-17', 'Su', 1),
(622, 7, 'Media', 'upload/56330968_2427330570886552_5955067783350845440_n.png', 'Su làm BT phân trang', '2022-10-17', 'Su', 1),
(623, 1, '96. Tin tức', 'upload/download1.jpg', 'Su làm BT phân trang', '2002-02-15', 'Su', 0),
(624, 2, '96. Tuyển sinh', 'upload/download1.jpg', 'Su làm BT phân trang', '2002-02-15', 'Su', 0),
(625, 1, '97. Tin tức', 'upload/download1.jpg', 'Su làm BT phân trang', '2002-02-15', 'Su', 0),
(626, 2, '97. Tuyển sinh', 'upload/download1.jpg', 'Su làm BT phân trang', '2002-02-15', 'Su', 0),
(627, 3, 'Cơ cấu tổ chức', 'upload/download1.jpg', 'Su làm BT phân trang', '2022-10-19', 'Su', 1),
(628, 4, 'Công tác sinh viên', 'upload/download1.jpg', 'Su làm BT phân trang', '2022-10-26', 'Su', 0),
(629, 5, 'Giới thiêu', 'upload/download1.jpg', 'Su làm BT phân trang', '2022-10-19', 'Su', 0),
(630, 6, 'Giới thiệu2', 'upload/download1.jpg', 'Su làm BT phân trang', '2022-10-20', 'Su', 1),
(631, 7, 'Media', 'upload/download1.jpg', 'Su làm BT phân trang', '2022-10-19', 'Su', 0),
(632, 8, 'Call me Su', 'upload/download1.jpg', 'Su làm BT phân trang', '2022-10-26', 'Su', 1),
(633, 9, 'Test123', 'upload/download1.jpg', 'Su làm BT phân trang', '2022-10-13', 'Su', 1),
(634, 8, 'Call me Su', 'upload/56330968_2427330570886552_5955067783350845440_n.png', 'Su làm BT phân trang', '2022-10-17', 'Su', 1),
(635, 7, 'Media', 'upload/56330968_2427330570886552_5955067783350845440_n.png', 'Su làm BT phân trang', '2022-10-17', 'Su', 1),
(636, 1, '98. Tin tức', 'upload/download1.jpg', 'Su làm BT phân trang', '2002-02-15', 'Su', 0),
(637, 2, '98. Tuyển sinh', 'upload/download1.jpg', 'Su làm BT phân trang', '2002-02-15', 'Su', 0),
(638, 1, '99. Tin tức', 'upload/download1.jpg', 'Su làm BT phân trang', '2002-02-15', 'Su', 0),
(639, 2, '99. Tuyển sinh', 'upload/download1.jpg', 'Su làm BT phân trang', '2002-02-15', 'Su', 0),
(640, 3, 'Cơ cấu tổ chức', 'upload/download1.jpg', 'Su làm BT phân trang', '2022-10-19', 'Su', 1),
(641, 4, 'Công tác sinh viên', 'upload/download1.jpg', 'Su làm BT phân trang', '2022-10-26', 'Su', 0),
(642, 5, 'Giới thiêu', 'upload/download1.jpg', 'Su làm BT phân trang', '2022-10-19', 'Su', 0),
(643, 6, 'Giới thiệu2', 'upload/download1.jpg', 'Su làm BT phân trang', '2022-10-20', 'Su', 1),
(644, 7, 'Media', 'upload/download1.jpg', 'Su làm BT phân trang', '2022-10-19', 'Su', 0),
(645, 8, 'Call me Su', 'upload/download1.jpg', 'Su làm BT phân trang', '2022-10-26', 'Su', 1),
(646, 9, 'Test123', 'upload/download1.jpg', 'Su làm BT phân trang', '2022-10-13', 'Su', 1),
(647, 8, 'Call me Su', 'upload/56330968_2427330570886552_5955067783350845440_n.png', 'Su làm BT phân trang', '2022-10-17', 'Su', 1),
(648, 7, 'Media', 'upload/56330968_2427330570886552_5955067783350845440_n.png', 'Su làm BT phân trang', '2022-10-17', 'Su', 1),
(649, 1, '100. Tin tức', 'upload/download1.jpg', 'Su làm BT phân trang', '2002-02-15', 'Su', 0),
(650, 2, '100. Tuyển sinh', 'upload/download1.jpg', 'Su làm BT phân trang', '2002-02-15', 'Su', 0),
(651, 1, '101. Tin tức', 'upload/download1.jpg', 'Su làm BT phân trang', '2002-02-15', 'Su', 0),
(652, 2, '101. Tuyển sinh', 'upload/download1.jpg', 'Su làm BT phân trang', '2002-02-15', 'Su', 0),
(653, 3, 'Cơ cấu tổ chức', 'upload/download1.jpg', 'Su làm BT phân trang', '2022-10-19', 'Su', 1),
(654, 4, 'Công tác sinh viên', 'upload/download1.jpg', 'Su làm BT phân trang', '2022-10-26', 'Su', 0),
(655, 5, 'Giới thiêu', 'upload/download1.jpg', 'Su làm BT phân trang', '2022-10-19', 'Su', 0),
(656, 6, 'Giới thiệu2', 'upload/download1.jpg', 'Su làm BT phân trang', '2022-10-20', 'Su', 1),
(657, 7, 'Media', 'upload/download1.jpg', 'Su làm BT phân trang', '2022-10-19', 'Su', 0),
(658, 8, 'Call me Su', 'upload/download1.jpg', 'Su làm BT phân trang', '2022-10-26', 'Su', 1),
(659, 9, 'Test123', 'upload/download1.jpg', 'Su làm BT phân trang', '2022-10-13', 'Su', 1),
(660, 8, 'Call me Su', 'upload/56330968_2427330570886552_5955067783350845440_n.png', 'Su làm BT phân trang', '2022-10-17', 'Su', 1),
(661, 7, 'Media', 'upload/56330968_2427330570886552_5955067783350845440_n.png', 'Su làm BT phân trang', '2022-10-17', 'Su', 1),
(662, 1, '102. Tin tức', 'upload/download1.jpg', 'Su làm BT phân trang', '2002-02-15', 'Su', 0),
(663, 2, '102. Tuyển sinh', 'upload/download1.jpg', 'Su làm BT phân trang', '2002-02-15', 'Su', 0),
(664, 1, '103. Tin tức', 'upload/download1.jpg', 'Su làm BT phân trang', '2002-02-15', 'Su', 0),
(665, 2, '103. Tuyển sinh', 'upload/download1.jpg', 'Su làm BT phân trang', '2002-02-15', 'Su', 0),
(666, 3, 'Cơ cấu tổ chức', 'upload/download1.jpg', 'Su làm BT phân trang', '2022-10-19', 'Su', 1),
(667, 4, 'Công tác sinh viên', 'upload/download1.jpg', 'Su làm BT phân trang', '2022-10-26', 'Su', 0),
(668, 5, 'Giới thiêu', 'upload/download1.jpg', 'Su làm BT phân trang', '2022-10-19', 'Su', 0),
(669, 6, 'Giới thiệu2', 'upload/download1.jpg', 'Su làm BT phân trang', '2022-10-20', 'Su', 1),
(670, 7, 'Media', 'upload/download1.jpg', 'Su làm BT phân trang', '2022-10-19', 'Su', 0),
(671, 8, 'Call me Su', 'upload/download1.jpg', 'Su làm BT phân trang', '2022-10-26', 'Su', 1),
(672, 9, 'Test123', 'upload/download1.jpg', 'Su làm BT phân trang', '2022-10-13', 'Su', 1),
(673, 8, 'Call me Su', 'upload/56330968_2427330570886552_5955067783350845440_n.png', 'Su làm BT phân trang', '2022-10-17', 'Su', 1),
(674, 7, 'Media', 'upload/56330968_2427330570886552_5955067783350845440_n.png', 'Su làm BT phân trang', '2022-10-17', 'Su', 1),
(675, 1, '104. Tin tức', 'upload/download1.jpg', 'Su làm BT phân trang', '2002-02-15', 'Su', 0),
(676, 2, '104. Tuyển sinh', 'upload/download1.jpg', 'Su làm BT phân trang', '2002-02-15', 'Su', 0),
(677, 1, '105. Tin tức', 'upload/download1.jpg', 'Su làm BT phân trang', '2002-02-15', 'Su', 0),
(678, 2, '105. Tuyển sinh', 'upload/download1.jpg', 'Su làm BT phân trang', '2002-02-15', 'Su', 0),
(679, 3, 'Cơ cấu tổ chức', 'upload/download1.jpg', 'Su làm BT phân trang', '2022-10-19', 'Su', 1),
(680, 4, 'Công tác sinh viên', 'upload/download1.jpg', 'Su làm BT phân trang', '2022-10-26', 'Su', 0),
(681, 5, 'Giới thiêu', 'upload/download1.jpg', 'Su làm BT phân trang', '2022-10-19', 'Su', 0),
(682, 6, 'Giới thiệu2', 'upload/download1.jpg', 'Su làm BT phân trang', '2022-10-20', 'Su', 1),
(683, 7, 'Media', 'upload/download1.jpg', 'Su làm BT phân trang', '2022-10-19', 'Su', 0),
(684, 8, 'Call me Su', 'upload/download1.jpg', 'Su làm BT phân trang', '2022-10-26', 'Su', 1),
(685, 9, 'Test123', 'upload/download1.jpg', 'Su làm BT phân trang', '2022-10-13', 'Su', 1),
(686, 8, 'Call me Su', 'upload/56330968_2427330570886552_5955067783350845440_n.png', 'Su làm BT phân trang', '2022-10-17', 'Su', 1),
(687, 7, 'Media', 'upload/56330968_2427330570886552_5955067783350845440_n.png', 'Su làm BT phân trang', '2022-10-17', 'Su', 1),
(688, 1, '106. Tin tức', 'upload/download1.jpg', 'Su làm BT phân trang', '2002-02-15', 'Su', 0),
(689, 2, '106. Tuyển sinh', 'upload/download1.jpg', 'Su làm BT phân trang', '2002-02-15', 'Su', 0),
(690, 1, '107. Tin tức', 'upload/download1.jpg', 'Su làm BT phân trang', '2002-02-15', 'Su', 0),
(691, 2, '107. Tuyển sinh', 'upload/download1.jpg', 'Su làm BT phân trang', '2002-02-15', 'Su', 0),
(692, 3, 'Cơ cấu tổ chức', 'upload/download1.jpg', 'Su làm BT phân trang', '2022-10-19', 'Su', 1),
(693, 4, 'Công tác sinh viên', 'upload/download1.jpg', 'Su làm BT phân trang', '2022-10-26', 'Su', 0),
(694, 5, 'Giới thiêu', 'upload/download1.jpg', 'Su làm BT phân trang', '2022-10-19', 'Su', 0),
(695, 6, 'Giới thiệu2', 'upload/download1.jpg', 'Su làm BT phân trang', '2022-10-20', 'Su', 1),
(696, 7, 'Media', 'upload/download1.jpg', 'Su làm BT phân trang', '2022-10-19', 'Su', 0),
(697, 8, 'Call me Su', 'upload/download1.jpg', 'Su làm BT phân trang', '2022-10-26', 'Su', 1),
(698, 9, 'Test123', 'upload/download1.jpg', 'Su làm BT phân trang', '2022-10-13', 'Su', 1),
(699, 8, 'Call me Su', 'upload/56330968_2427330570886552_5955067783350845440_n.png', 'Su làm BT phân trang', '2022-10-17', 'Su', 1),
(700, 7, 'Media', 'upload/56330968_2427330570886552_5955067783350845440_n.png', 'Su làm BT phân trang', '2022-10-17', 'Su', 1),
(701, 1, '108. Tin tức', 'upload/download1.jpg', 'Su làm BT phân trang', '2002-02-15', 'Su', 0),
(702, 2, '108. Tuyển sinh', 'upload/download1.jpg', 'Su làm BT phân trang', '2002-02-15', 'Su', 0),
(703, 1, '109. Tin tức', 'upload/download1.jpg', 'Su làm BT phân trang', '2002-02-15', 'Su', 0),
(704, 2, '109. Tuyển sinh', 'upload/download1.jpg', 'Su làm BT phân trang', '2002-02-15', 'Su', 0),
(705, 3, 'Cơ cấu tổ chức', 'upload/download1.jpg', 'Su làm BT phân trang', '2022-10-19', 'Su', 1),
(706, 4, 'Công tác sinh viên', 'upload/download1.jpg', 'Su làm BT phân trang', '2022-10-26', 'Su', 0),
(707, 5, 'Giới thiêu', 'upload/download1.jpg', 'Su làm BT phân trang', '2022-10-19', 'Su', 0),
(708, 6, 'Giới thiệu2', 'upload/download1.jpg', 'Su làm BT phân trang', '2022-10-20', 'Su', 1),
(709, 7, 'Media', 'upload/download1.jpg', 'Su làm BT phân trang', '2022-10-19', 'Su', 0),
(710, 8, 'Call me Su', 'upload/download1.jpg', 'Su làm BT phân trang', '2022-10-26', 'Su', 1),
(711, 9, 'Test123', 'upload/download1.jpg', 'Su làm BT phân trang', '2022-10-13', 'Su', 1),
(712, 8, 'Call me Su', 'upload/56330968_2427330570886552_5955067783350845440_n.png', 'Su làm BT phân trang', '2022-10-17', 'Su', 1),
(713, 7, 'Media', 'upload/56330968_2427330570886552_5955067783350845440_n.png', 'Su làm BT phân trang', '2022-10-17', 'Su', 1),
(714, 1, '110. Tin tức', 'upload/download1.jpg', 'Su làm BT phân trang', '2002-02-15', 'Su', 0),
(715, 2, '110. Tuyển sinh', 'upload/download1.jpg', 'Su làm BT phân trang', '2002-02-15', 'Su', 0),
(716, 1, '111. Tin tức', 'upload/download1.jpg', 'Su làm BT phân trang', '2002-02-15', 'Su', 0),
(717, 2, '111. Tuyển sinh', 'upload/download1.jpg', 'Su làm BT phân trang', '2002-02-15', 'Su', 0),
(718, 3, 'Cơ cấu tổ chức', 'upload/download1.jpg', 'Su làm BT phân trang', '2022-10-19', 'Su', 1),
(719, 4, 'Công tác sinh viên', 'upload/download1.jpg', 'Su làm BT phân trang', '2022-10-26', 'Su', 0),
(720, 5, 'Giới thiêu', 'upload/download1.jpg', 'Su làm BT phân trang', '2022-10-19', 'Su', 0),
(721, 6, 'Giới thiệu2', 'upload/download1.jpg', 'Su làm BT phân trang', '2022-10-20', 'Su', 1),
(722, 7, 'Media', 'upload/download1.jpg', 'Su làm BT phân trang', '2022-10-19', 'Su', 0),
(723, 8, 'Call me Su', 'upload/download1.jpg', 'Su làm BT phân trang', '2022-10-26', 'Su', 1),
(724, 9, 'Test123', 'upload/download1.jpg', 'Su làm BT phân trang', '2022-10-13', 'Su', 1),
(725, 8, 'Call me Su', 'upload/56330968_2427330570886552_5955067783350845440_n.png', 'Su làm BT phân trang', '2022-10-17', 'Su', 1),
(726, 7, 'Media', 'upload/56330968_2427330570886552_5955067783350845440_n.png', 'Su làm BT phân trang', '2022-10-17', 'Su', 1),
(727, 1, '112. Tin tức', 'upload/download1.jpg', 'Su làm BT phân trang', '2002-02-15', 'Su', 0),
(728, 2, '112. Tuyển sinh', 'upload/download1.jpg', 'Su làm BT phân trang', '2002-02-15', 'Su', 0),
(729, 1, '113. Tin tức', 'upload/download1.jpg', 'Su làm BT phân trang', '2002-02-15', 'Su', 0),
(730, 2, '113. Tuyển sinh', 'upload/download1.jpg', 'Su làm BT phân trang', '2002-02-15', 'Su', 0),
(731, 3, 'Cơ cấu tổ chức', 'upload/download1.jpg', 'Su làm BT phân trang', '2022-10-19', 'Su', 1),
(732, 4, 'Công tác sinh viên', 'upload/download1.jpg', 'Su làm BT phân trang', '2022-10-26', 'Su', 0),
(733, 5, 'Giới thiêu', 'upload/download1.jpg', 'Su làm BT phân trang', '2022-10-19', 'Su', 0),
(734, 6, 'Giới thiệu2', 'upload/download1.jpg', 'Su làm BT phân trang', '2022-10-20', 'Su', 1),
(735, 7, 'Media', 'upload/download1.jpg', 'Su làm BT phân trang', '2022-10-19', 'Su', 0),
(736, 8, 'Call me Su', 'upload/download1.jpg', 'Su làm BT phân trang', '2022-10-26', 'Su', 1),
(737, 9, 'Test123', 'upload/download1.jpg', 'Su làm BT phân trang', '2022-10-13', 'Su', 1),
(738, 8, 'Call me Su', 'upload/56330968_2427330570886552_5955067783350845440_n.png', 'Su làm BT phân trang', '2022-10-17', 'Su', 1),
(739, 7, 'Media', 'upload/56330968_2427330570886552_5955067783350845440_n.png', 'Su làm BT phân trang', '2022-10-17', 'Su', 1),
(740, 1, '114. Tin tức', 'upload/download1.jpg', 'Su làm BT phân trang', '2002-02-15', 'Su', 0),
(741, 2, '114. Tuyển sinh', 'upload/download1.jpg', 'Su làm BT phân trang', '2002-02-15', 'Su', 0),
(742, 1, '115. Tin tức', 'upload/download1.jpg', 'Su làm BT phân trang', '2002-02-15', 'Su', 0),
(743, 2, '115. Tuyển sinh', 'upload/download1.jpg', 'Su làm BT phân trang', '2002-02-15', 'Su', 0),
(744, 3, 'Cơ cấu tổ chức', 'upload/download1.jpg', 'Su làm BT phân trang', '2022-10-19', 'Su', 1),
(745, 4, 'Công tác sinh viên', 'upload/download1.jpg', 'Su làm BT phân trang', '2022-10-26', 'Su', 0),
(746, 5, 'Giới thiêu', 'upload/download1.jpg', 'Su làm BT phân trang', '2022-10-19', 'Su', 0),
(747, 6, 'Giới thiệu2', 'upload/download1.jpg', 'Su làm BT phân trang', '2022-10-20', 'Su', 1),
(748, 7, 'Media', 'upload/download1.jpg', 'Su làm BT phân trang', '2022-10-19', 'Su', 0),
(749, 8, 'Call me Su', 'upload/download1.jpg', 'Su làm BT phân trang', '2022-10-26', 'Su', 1),
(750, 9, 'Test123', 'upload/download1.jpg', 'Su làm BT phân trang', '2022-10-13', 'Su', 1),
(751, 8, 'Call me Su', 'upload/56330968_2427330570886552_5955067783350845440_n.png', 'Su làm BT phân trang', '2022-10-17', 'Su', 1),
(752, 7, 'Media', 'upload/56330968_2427330570886552_5955067783350845440_n.png', 'Su làm BT phân trang', '2022-10-17', 'Su', 1),
(753, 1, '116. Tin tức', 'upload/download1.jpg', 'Su làm BT phân trang', '2002-02-15', 'Su', 0),
(754, 2, '116. Tuyển sinh', 'upload/download1.jpg', 'Su làm BT phân trang', '2002-02-15', 'Su', 0),
(755, 1, '117. Tin tức', 'upload/download1.jpg', 'Su làm BT phân trang', '2002-02-15', 'Su', 0),
(756, 2, '117. Tuyển sinh', 'upload/download1.jpg', 'Su làm BT phân trang', '2002-02-15', 'Su', 0),
(757, 3, 'Cơ cấu tổ chức', 'upload/download1.jpg', 'Su làm BT phân trang', '2022-10-19', 'Su', 1),
(758, 4, 'Công tác sinh viên', 'upload/download1.jpg', 'Su làm BT phân trang', '2022-10-26', 'Su', 0),
(759, 5, 'Giới thiêu', 'upload/download1.jpg', 'Su làm BT phân trang', '2022-10-19', 'Su', 0),
(760, 6, 'Giới thiệu2', 'upload/download1.jpg', 'Su làm BT phân trang', '2022-10-20', 'Su', 1),
(761, 7, 'Media', 'upload/download1.jpg', 'Su làm BT phân trang', '2022-10-19', 'Su', 0),
(762, 8, 'Call me Su', 'upload/download1.jpg', 'Su làm BT phân trang', '2022-10-26', 'Su', 1),
(763, 9, 'Test123', 'upload/download1.jpg', 'Su làm BT phân trang', '2022-10-13', 'Su', 1),
(764, 8, 'Call me Su', 'upload/56330968_2427330570886552_5955067783350845440_n.png', 'Su làm BT phân trang', '2022-10-17', 'Su', 1),
(765, 7, 'Media', 'upload/56330968_2427330570886552_5955067783350845440_n.png', 'Su làm BT phân trang', '2022-10-17', 'Su', 1),
(766, 1, '118. Tin tức', 'upload/download1.jpg', 'Su làm BT phân trang', '2002-02-15', 'Su', 0),
(767, 2, '118. Tuyển sinh', 'upload/download1.jpg', 'Su làm BT phân trang', '2002-02-15', 'Su', 0),
(768, 1, '119. Tin tức', 'upload/download1.jpg', 'Su làm BT phân trang', '2002-02-15', 'Su', 0),
(769, 2, '119. Tuyển sinh', 'upload/download1.jpg', 'Su làm BT phân trang', '2002-02-15', 'Su', 0),
(770, 3, 'Cơ cấu tổ chức', 'upload/download1.jpg', 'Su làm BT phân trang', '2022-10-19', 'Su', 1),
(771, 4, 'Công tác sinh viên', 'upload/download1.jpg', 'Su làm BT phân trang', '2022-10-26', 'Su', 0),
(772, 5, 'Giới thiêu', 'upload/download1.jpg', 'Su làm BT phân trang', '2022-10-19', 'Su', 0),
(773, 6, 'Giới thiệu2', 'upload/download1.jpg', 'Su làm BT phân trang', '2022-10-20', 'Su', 1),
(774, 7, 'Media', 'upload/download1.jpg', 'Su làm BT phân trang', '2022-10-19', 'Su', 0),
(775, 8, 'Call me Su', 'upload/download1.jpg', 'Su làm BT phân trang', '2022-10-26', 'Su', 1),
(776, 9, 'Test123', 'upload/download1.jpg', 'Su làm BT phân trang', '2022-10-13', 'Su', 1),
(777, 8, 'Call me Su', 'upload/56330968_2427330570886552_5955067783350845440_n.png', 'Su làm BT phân trang', '2022-10-17', 'Su', 1),
(778, 7, 'Media', 'upload/56330968_2427330570886552_5955067783350845440_n.png', 'Su làm BT phân trang', '2022-10-17', 'Su', 1),
(779, 1, '120. Tin tức', 'upload/download1.jpg', 'Su làm BT phân trang', '2002-02-15', 'Su', 0),
(780, 2, '120. Tuyển sinh', 'upload/download1.jpg', 'Su làm BT phân trang', '2002-02-15', 'Su', 0),
(781, 1, '121. Tin tức', 'upload/download1.jpg', 'Su làm BT phân trang', '2002-02-15', 'Su', 0),
(782, 2, '121. Tuyển sinh', 'upload/download1.jpg', 'Su làm BT phân trang', '2002-02-15', 'Su', 0),
(783, 3, 'Cơ cấu tổ chức', 'upload/download1.jpg', 'Su làm BT phân trang', '2022-10-19', 'Su', 1),
(784, 4, 'Công tác sinh viên', 'upload/download1.jpg', 'Su làm BT phân trang', '2022-10-26', 'Su', 0),
(785, 5, 'Giới thiêu', 'upload/download1.jpg', 'Su làm BT phân trang', '2022-10-19', 'Su', 0),
(786, 6, 'Giới thiệu2', 'upload/download1.jpg', 'Su làm BT phân trang', '2022-10-20', 'Su', 1),
(787, 7, 'Media', 'upload/download1.jpg', 'Su làm BT phân trang', '2022-10-19', 'Su', 0),
(788, 8, 'Call me Su', 'upload/download1.jpg', 'Su làm BT phân trang', '2022-10-26', 'Su', 1),
(789, 9, 'Test123', 'upload/download1.jpg', 'Su làm BT phân trang', '2022-10-13', 'Su', 1),
(790, 8, 'Call me Su', 'upload/56330968_2427330570886552_5955067783350845440_n.png', 'Su làm BT phân trang', '2022-10-17', 'Su', 1),
(791, 7, 'Media', 'upload/56330968_2427330570886552_5955067783350845440_n.png', 'Su làm BT phân trang', '2022-10-17', 'Su', 1),
(792, 1, '122. Tin tức', 'upload/download1.jpg', 'Su làm BT phân trang', '2002-02-15', 'Su', 0),
(793, 2, '122. Tuyển sinh', 'upload/download1.jpg', 'Su làm BT phân trang', '2002-02-15', 'Su', 0),
(794, 1, '123. Tin tức', 'upload/download1.jpg', 'Su làm BT phân trang', '2002-02-15', 'Su', 0),
(795, 2, '123. Tuyển sinh', 'upload/download1.jpg', 'Su làm BT phân trang', '2002-02-15', 'Su', 0),
(796, 3, 'Cơ cấu tổ chức', 'upload/download1.jpg', 'Su làm BT phân trang', '2022-10-19', 'Su', 1),
(797, 4, 'Công tác sinh viên', 'upload/download1.jpg', 'Su làm BT phân trang', '2022-10-26', 'Su', 0),
(798, 5, 'Giới thiêu', 'upload/download1.jpg', 'Su làm BT phân trang', '2022-10-19', 'Su', 0),
(799, 6, 'Giới thiệu2', 'upload/download1.jpg', 'Su làm BT phân trang', '2022-10-20', 'Su', 1),
(800, 7, 'Media', 'upload/download1.jpg', 'Su làm BT phân trang', '2022-10-19', 'Su', 0),
(801, 8, 'Call me Su', 'upload/download1.jpg', 'Su làm BT phân trang', '2022-10-26', 'Su', 1),
(802, 9, 'Test123', 'upload/download1.jpg', 'Su làm BT phân trang', '2022-10-13', 'Su', 1),
(803, 8, 'Call me Su', 'upload/56330968_2427330570886552_5955067783350845440_n.png', 'Su làm BT phân trang', '2022-10-17', 'Su', 1),
(804, 7, 'Media', 'upload/56330968_2427330570886552_5955067783350845440_n.png', 'Su làm BT phân trang', '2022-10-17', 'Su', 1),
(805, 1, '124. Tin tức', 'upload/download1.jpg', 'Su làm BT phân trang', '2002-02-15', 'Su', 0),
(806, 2, '124. Tuyển sinh', 'upload/download1.jpg', 'Su làm BT phân trang', '2002-02-15', 'Su', 0),
(807, 1, '125. Tin tức', 'upload/download1.jpg', 'Su làm BT phân trang', '2002-02-15', 'Su', 0),
(808, 2, '125. Tuyển sinh', 'upload/download1.jpg', 'Su làm BT phân trang', '2002-02-15', 'Su', 0),
(809, 3, 'Cơ cấu tổ chức', 'upload/download1.jpg', 'Su làm BT phân trang', '2022-10-19', 'Su', 1),
(810, 4, 'Công tác sinh viên', 'upload/download1.jpg', 'Su làm BT phân trang', '2022-10-26', 'Su', 0),
(811, 5, 'Giới thiêu', 'upload/download1.jpg', 'Su làm BT phân trang', '2022-10-19', 'Su', 0),
(812, 6, 'Giới thiệu2', 'upload/download1.jpg', 'Su làm BT phân trang', '2022-10-20', 'Su', 1),
(813, 7, 'Media', 'upload/download1.jpg', 'Su làm BT phân trang', '2022-10-19', 'Su', 0),
(814, 8, 'Call me Su', 'upload/download1.jpg', 'Su làm BT phân trang', '2022-10-26', 'Su', 1),
(815, 9, 'Test123', 'upload/download1.jpg', 'Su làm BT phân trang', '2022-10-13', 'Su', 1),
(816, 8, 'Call me Su', 'upload/56330968_2427330570886552_5955067783350845440_n.png', 'Su làm BT phân trang', '2022-10-17', 'Su', 1),
(817, 7, 'Media', 'upload/56330968_2427330570886552_5955067783350845440_n.png', 'Su làm BT phân trang', '2022-10-17', 'Su', 1),
(818, 1, '126. Tin tức', 'upload/download1.jpg', 'Su làm BT phân trang', '2002-02-15', 'Su', 0),
(819, 2, '126. Tuyển sinh', 'upload/download1.jpg', 'Su làm BT phân trang', '2002-02-15', 'Su', 0),
(820, 1, '127. Tin tức', 'upload/download1.jpg', 'Su làm BT phân trang', '2002-02-15', 'Su', 0),
(821, 2, '127. Tuyển sinh', 'upload/download1.jpg', 'Su làm BT phân trang', '2002-02-15', 'Su', 0),
(822, 3, 'Cơ cấu tổ chức', 'upload/download1.jpg', 'Su làm BT phân trang', '2022-10-19', 'Su', 1),
(823, 4, 'Công tác sinh viên', 'upload/download1.jpg', 'Su làm BT phân trang', '2022-10-26', 'Su', 0),
(824, 5, 'Giới thiêu', 'upload/download1.jpg', 'Su làm BT phân trang', '2022-10-19', 'Su', 0),
(825, 6, 'Giới thiệu2', 'upload/download1.jpg', 'Su làm BT phân trang', '2022-10-20', 'Su', 1),
(826, 7, 'Media', 'upload/download1.jpg', 'Su làm BT phân trang', '2022-10-19', 'Su', 0),
(827, 8, 'Call me Su', 'upload/download1.jpg', 'Su làm BT phân trang', '2022-10-26', 'Su', 1),
(828, 9, 'Test123', 'upload/download1.jpg', 'Su làm BT phân trang', '2022-10-13', 'Su', 1),
(829, 8, 'Call me Su', 'upload/56330968_2427330570886552_5955067783350845440_n.png', 'Su làm BT phân trang', '2022-10-17', 'Su', 1),
(830, 7, 'Media', 'upload/56330968_2427330570886552_5955067783350845440_n.png', 'Su làm BT phân trang', '2022-10-17', 'Su', 1),
(831, 1, '128. Tin tức', 'upload/download1.jpg', 'Su làm BT phân trang', '2002-02-15', 'Su', 0),
(832, 2, '128. Tuyển sinh', 'upload/download1.jpg', 'Su làm BT phân trang', '2002-02-15', 'Su', 0),
(833, 1, '129. Tin tức', 'upload/download1.jpg', 'Su làm BT phân trang', '2002-02-15', 'Su', 0),
(834, 2, '129. Tuyển sinh', 'upload/download1.jpg', 'Su làm BT phân trang', '2002-02-15', 'Su', 0),
(835, 3, 'Cơ cấu tổ chức', 'upload/download1.jpg', 'Su làm BT phân trang', '2022-10-19', 'Su', 1),
(836, 4, 'Công tác sinh viên', 'upload/download1.jpg', 'Su làm BT phân trang', '2022-10-26', 'Su', 0),
(837, 5, 'Giới thiêu', 'upload/download1.jpg', 'Su làm BT phân trang', '2022-10-19', 'Su', 0),
(838, 6, 'Giới thiệu2', 'upload/download1.jpg', 'Su làm BT phân trang', '2022-10-20', 'Su', 1),
(839, 7, 'Media', 'upload/download1.jpg', 'Su làm BT phân trang', '2022-10-19', 'Su', 0),
(840, 8, 'Call me Su', 'upload/download1.jpg', 'Su làm BT phân trang', '2022-10-26', 'Su', 1),
(841, 9, 'Test123', 'upload/download1.jpg', 'Su làm BT phân trang', '2022-10-13', 'Su', 1),
(842, 8, 'Call me Su', 'upload/56330968_2427330570886552_5955067783350845440_n.png', 'Su làm BT phân trang', '2022-10-17', 'Su', 1),
(843, 7, 'Media', 'upload/56330968_2427330570886552_5955067783350845440_n.png', 'Su làm BT phân trang', '2022-10-17', 'Su', 1),
(844, 1, '130. Tin tức', 'upload/download1.jpg', 'Su làm BT phân trang', '2002-02-15', 'Su', 0),
(845, 2, '130. Tuyển sinh', 'upload/download1.jpg', 'Su làm BT phân trang', '2002-02-15', 'Su', 0),
(846, 1, '131. Tin tức', 'upload/download1.jpg', 'Su làm BT phân trang', '2002-02-15', 'Su', 0),
(847, 2, '131. Tuyển sinh', 'upload/download1.jpg', 'Su làm BT phân trang', '2002-02-15', 'Su', 0),
(848, 3, 'Cơ cấu tổ chức', 'upload/download1.jpg', 'Su làm BT phân trang', '2022-10-19', 'Su', 1),
(849, 4, 'Công tác sinh viên', 'upload/download1.jpg', 'Su làm BT phân trang', '2022-10-26', 'Su', 0),
(850, 5, 'Giới thiêu', 'upload/download1.jpg', 'Su làm BT phân trang', '2022-10-19', 'Su', 0),
(851, 6, 'Giới thiệu2', 'upload/download1.jpg', 'Su làm BT phân trang', '2022-10-20', 'Su', 1),
(852, 7, 'Media', 'upload/download1.jpg', 'Su làm BT phân trang', '2022-10-19', 'Su', 0),
(853, 8, 'Call me Su', 'upload/download1.jpg', 'Su làm BT phân trang', '2022-10-26', 'Su', 1),
(854, 9, 'Test123', 'upload/download1.jpg', 'Su làm BT phân trang', '2022-10-13', 'Su', 1),
(855, 8, 'Call me Su', 'upload/56330968_2427330570886552_5955067783350845440_n.png', 'Su làm BT phân trang', '2022-10-17', 'Su', 1),
(856, 7, 'Media', 'upload/56330968_2427330570886552_5955067783350845440_n.png', 'Su làm BT phân trang', '2022-10-17', 'Su', 1),
(857, 1, '132. Tin tức', 'upload/download1.jpg', 'Su làm BT phân trang', '2002-02-15', 'Su', 0),
(858, 2, '132. Tuyển sinh', 'upload/download1.jpg', 'Su làm BT phân trang', '2002-02-15', 'Su', 0),
(859, 1, '133. Tin tức', 'upload/download1.jpg', 'Su làm BT phân trang', '2002-02-15', 'Su', 0),
(860, 2, '133. Tuyển sinh', 'upload/download1.jpg', 'Su làm BT phân trang', '2002-02-15', 'Su', 0),
(861, 3, 'Cơ cấu tổ chức', 'upload/download1.jpg', 'Su làm BT phân trang', '2022-10-19', 'Su', 1),
(862, 4, 'Công tác sinh viên', 'upload/download1.jpg', 'Su làm BT phân trang', '2022-10-26', 'Su', 0),
(863, 5, 'Giới thiêu', 'upload/download1.jpg', 'Su làm BT phân trang', '2022-10-19', 'Su', 0),
(864, 6, 'Giới thiệu2', 'upload/download1.jpg', 'Su làm BT phân trang', '2022-10-20', 'Su', 1),
(865, 7, 'Media', 'upload/download1.jpg', 'Su làm BT phân trang', '2022-10-19', 'Su', 0),
(866, 8, 'Call me Su', 'upload/download1.jpg', 'Su làm BT phân trang', '2022-10-26', 'Su', 1),
(867, 9, 'Test123', 'upload/download1.jpg', 'Su làm BT phân trang', '2022-10-13', 'Su', 1),
(868, 8, 'Call me Su', 'upload/56330968_2427330570886552_5955067783350845440_n.png', 'Su làm BT phân trang', '2022-10-17', 'Su', 1),
(869, 7, 'Media', 'upload/56330968_2427330570886552_5955067783350845440_n.png', 'Su làm BT phân trang', '2022-10-17', 'Su', 1),
(870, 1, '134. Tin tức', 'upload/download1.jpg', 'Su làm BT phân trang', '2002-02-15', 'Su', 0),
(871, 2, '134. Tuyển sinh', 'upload/download1.jpg', 'Su làm BT phân trang', '2002-02-15', 'Su', 0),
(872, 1, '135. Tin tức', 'upload/download1.jpg', 'Su làm BT phân trang', '2002-02-15', 'Su', 0),
(873, 2, '135. Tuyển sinh', 'upload/download1.jpg', 'Su làm BT phân trang', '2002-02-15', 'Su', 0),
(874, 3, 'Cơ cấu tổ chức', 'upload/download1.jpg', 'Su làm BT phân trang', '2022-10-19', 'Su', 1),
(875, 4, 'Công tác sinh viên', 'upload/download1.jpg', 'Su làm BT phân trang', '2022-10-26', 'Su', 0),
(876, 5, 'Giới thiêu', 'upload/download1.jpg', 'Su làm BT phân trang', '2022-10-19', 'Su', 0),
(877, 6, 'Giới thiệu2', 'upload/download1.jpg', 'Su làm BT phân trang', '2022-10-20', 'Su', 1),
(878, 7, 'Media', 'upload/download1.jpg', 'Su làm BT phân trang', '2022-10-19', 'Su', 0),
(879, 8, 'Call me Su', 'upload/download1.jpg', 'Su làm BT phân trang', '2022-10-26', 'Su', 1),
(880, 9, 'Test123', 'upload/download1.jpg', 'Su làm BT phân trang', '2022-10-13', 'Su', 1),
(881, 8, 'Call me Su', 'upload/56330968_2427330570886552_5955067783350845440_n.png', 'Su làm BT phân trang', '2022-10-17', 'Su', 1),
(882, 7, 'Media', 'upload/56330968_2427330570886552_5955067783350845440_n.png', 'Su làm BT phân trang', '2022-10-17', 'Su', 1),
(883, 1, '136. Tin tức', 'upload/download1.jpg', 'Su làm BT phân trang', '2002-02-15', 'Su', 0),
(884, 2, '136. Tuyển sinh', 'upload/download1.jpg', 'Su làm BT phân trang', '2002-02-15', 'Su', 0),
(885, 1, '137. Tin tức', 'upload/download1.jpg', 'Su làm BT phân trang', '2002-02-15', 'Su', 0),
(886, 2, '137. Tuyển sinh', 'upload/download1.jpg', 'Su làm BT phân trang', '2002-02-15', 'Su', 0),
(887, 3, 'Cơ cấu tổ chức', 'upload/download1.jpg', 'Su làm BT phân trang', '2022-10-19', 'Su', 1),
(888, 4, 'Công tác sinh viên', 'upload/download1.jpg', 'Su làm BT phân trang', '2022-10-26', 'Su', 0),
(889, 5, 'Giới thiêu', 'upload/download1.jpg', 'Su làm BT phân trang', '2022-10-19', 'Su', 0),
(890, 6, 'Giới thiệu2', 'upload/download1.jpg', 'Su làm BT phân trang', '2022-10-20', 'Su', 1),
(891, 7, 'Media', 'upload/download1.jpg', 'Su làm BT phân trang', '2022-10-19', 'Su', 0),
(892, 8, 'Call me Su', 'upload/download1.jpg', 'Su làm BT phân trang', '2022-10-26', 'Su', 1),
(893, 9, 'Test123', 'upload/download1.jpg', 'Su làm BT phân trang', '2022-10-13', 'Su', 1),
(894, 8, 'Call me Su', 'upload/56330968_2427330570886552_5955067783350845440_n.png', 'Su làm BT phân trang', '2022-10-17', 'Su', 1),
(895, 7, 'Media', 'upload/56330968_2427330570886552_5955067783350845440_n.png', 'Su làm BT phân trang', '2022-10-17', 'Su', 1),
(896, 1, '138. Tin tức', 'upload/download1.jpg', 'Su làm BT phân trang', '2002-02-15', 'Su', 0),
(897, 2, '138. Tuyển sinh', 'upload/download1.jpg', 'Su làm BT phân trang', '2002-02-15', 'Su', 0),
(898, 1, '139. Tin tức', 'upload/download1.jpg', 'Su làm BT phân trang', '2002-02-15', 'Su', 0),
(899, 2, '139. Tuyển sinh', 'upload/download1.jpg', 'Su làm BT phân trang', '2002-02-15', 'Su', 0),
(900, 3, 'Cơ cấu tổ chức', 'upload/download1.jpg', 'Su làm BT phân trang', '2022-10-19', 'Su', 1),
(901, 4, 'Công tác sinh viên', 'upload/download1.jpg', 'Su làm BT phân trang', '2022-10-26', 'Su', 0),
(902, 5, 'Giới thiêu', 'upload/download1.jpg', 'Su làm BT phân trang', '2022-10-19', 'Su', 0),
(903, 6, 'Giới thiệu2', 'upload/download1.jpg', 'Su làm BT phân trang', '2022-10-20', 'Su', 1),
(904, 7, 'Media', 'upload/download1.jpg', 'Su làm BT phân trang', '2022-10-19', 'Su', 0),
(905, 8, 'Call me Su', 'upload/download1.jpg', 'Su làm BT phân trang', '2022-10-26', 'Su', 1),
(906, 9, 'Test123', 'upload/download1.jpg', 'Su làm BT phân trang', '2022-10-13', 'Su', 1),
(907, 8, 'Call me Su', 'upload/56330968_2427330570886552_5955067783350845440_n.png', 'Su làm BT phân trang', '2022-10-17', 'Su', 1),
(908, 7, 'Media', 'upload/56330968_2427330570886552_5955067783350845440_n.png', 'Su làm BT phân trang', '2022-10-17', 'Su', 1),
(909, 1, '140. Tin tức', 'upload/download1.jpg', 'Su làm BT phân trang', '2002-02-15', 'Su', 0),
(910, 2, '140. Tuyển sinh', 'upload/download1.jpg', 'Su làm BT phân trang', '2002-02-15', 'Su', 0),
(911, 1, '141. Tin tức', 'upload/download1.jpg', 'Su làm BT phân trang', '2002-02-15', 'Su', 0),
(912, 2, '141. Tuyển sinh', 'upload/download1.jpg', 'Su làm BT phân trang', '2002-02-15', 'Su', 0),
(913, 3, 'Cơ cấu tổ chức', 'upload/download1.jpg', 'Su làm BT phân trang', '2022-10-19', 'Su', 1),
(914, 4, 'Công tác sinh viên', 'upload/download1.jpg', 'Su làm BT phân trang', '2022-10-26', 'Su', 0),
(915, 5, 'Giới thiêu', 'upload/download1.jpg', 'Su làm BT phân trang', '2022-10-19', 'Su', 0),
(916, 6, 'Giới thiệu2', 'upload/download1.jpg', 'Su làm BT phân trang', '2022-10-20', 'Su', 1),
(917, 7, 'Media', 'upload/download1.jpg', 'Su làm BT phân trang', '2022-10-19', 'Su', 0),
(918, 8, 'Call me Su', 'upload/download1.jpg', 'Su làm BT phân trang', '2022-10-26', 'Su', 1),
(919, 9, 'Test123', 'upload/download1.jpg', 'Su làm BT phân trang', '2022-10-13', 'Su', 1),
(920, 8, 'Call me Su', 'upload/56330968_2427330570886552_5955067783350845440_n.png', 'Su làm BT phân trang', '2022-10-17', 'Su', 1),
(921, 7, 'Media', 'upload/56330968_2427330570886552_5955067783350845440_n.png', 'Su làm BT phân trang', '2022-10-17', 'Su', 1),
(922, 1, '142. Tin tức', 'upload/download1.jpg', 'Su làm BT phân trang', '2002-02-15', 'Su', 0),
(923, 2, '142. Tuyển sinh', 'upload/download1.jpg', 'Su làm BT phân trang', '2002-02-15', 'Su', 0);

-- --------------------------------------------------------

--
-- Cấu trúc bảng cho bảng `tbl_user`
--

CREATE TABLE `tbl_user` (
  `user_id` int(10) NOT NULL,
  `user_name` varchar(255) NOT NULL,
  `user_password` varchar(255) NOT NULL
) ENGINE=InnoDB DEFAULT CHARSET=utf8mb4;

--
-- Đang đổ dữ liệu cho bảng `tbl_user`
--

INSERT INTO `tbl_user` (`user_id`, `user_name`, `user_password`) VALUES
(1, 'CallmeSu.pls', 'SuyeuVietNam');

-- --------------------------------------------------------

--
-- Cấu trúc bảng cho bảng `testpt`
--

CREATE TABLE `testpt` (
  `id` int(11) NOT NULL,
  `title` varchar(255) NOT NULL
) ENGINE=InnoDB DEFAULT CHARSET=utf8mb4;

--
-- Đang đổ dữ liệu cho bảng `testpt`
--

INSERT INTO `testpt` (`id`, `title`) VALUES
(1, 'Title 1'),
(2, 'Title 2'),
(3, 'Title 3'),
(4, 'Title 4'),
(5, 'Title 5'),
(6, 'Title 6'),
(7, 'Title 7'),
(8, 'Title 8'),
(9, 'Title 9'),
(10, 'Title 10'),
(11, 'Title 11'),
(12, 'Title 12'),
(13, 'Title 13'),
(14, 'Title 14'),
(15, 'Title 15'),
(16, 'Title 16'),
(17, 'Title 17'),
(18, 'Title 18'),
(19, 'Title 19'),
(20, 'Title 20'),
(21, 'Title 21'),
(22, 'Title 22'),
(23, 'Title 23'),
(24, 'Title 24'),
(25, 'Title 25'),
(26, 'Title 26'),
(27, 'Title 27'),
(28, 'Title 28'),
(29, 'Title 29'),
(30, 'Title 30'),
(31, 'Title 31'),
(32, 'Title 32'),
(33, 'Title 33'),
(34, 'Title 34'),
(35, 'Title 35'),
(36, 'Title 36'),
(37, 'Title 37'),
(38, 'Title 38'),
(39, 'Title 39'),
(40, 'Title 40'),
(41, 'Title 41'),
(42, 'Title 42'),
(43, 'Title 43'),
(44, 'Title 44'),
(45, 'Title 45');

--
-- Chỉ mục cho các bảng đã đổ
--

--
-- Chỉ mục cho bảng `tbl_category`
--
ALTER TABLE `tbl_category`
  ADD PRIMARY KEY (`Cate_ID`);

--
-- Chỉ mục cho bảng `tbl_news`
--
ALTER TABLE `tbl_news`
  ADD PRIMARY KEY (`News_ID`);

--
-- Chỉ mục cho bảng `tbl_user`
--
ALTER TABLE `tbl_user`
  ADD PRIMARY KEY (`user_id`);

--
-- Chỉ mục cho bảng `testpt`
--
ALTER TABLE `testpt`
  ADD PRIMARY KEY (`id`);

--
-- AUTO_INCREMENT cho các bảng đã đổ
--

--
-- AUTO_INCREMENT cho bảng `tbl_category`
--
ALTER TABLE `tbl_category`
  MODIFY `Cate_ID` int(11) NOT NULL AUTO_INCREMENT, AUTO_INCREMENT=16;

--
-- AUTO_INCREMENT cho bảng `tbl_news`
--
ALTER TABLE `tbl_news`
  MODIFY `News_ID` int(11) NOT NULL AUTO_INCREMENT, AUTO_INCREMENT=924;

--
-- AUTO_INCREMENT cho bảng `tbl_user`
--
ALTER TABLE `tbl_user`
  MODIFY `user_id` int(10) NOT NULL AUTO_INCREMENT, AUTO_INCREMENT=2;

--
-- AUTO_INCREMENT cho bảng `testpt`
--
ALTER TABLE `testpt`
  MODIFY `id` int(11) NOT NULL AUTO_INCREMENT, AUTO_INCREMENT=46;
COMMIT;

/*!40101 SET CHARACTER_SET_CLIENT=@OLD_CHARACTER_SET_CLIENT */;
/*!40101 SET CHARACTER_SET_RESULTS=@OLD_CHARACTER_SET_RESULTS */;
/*!40101 SET COLLATION_CONNECTION=@OLD_COLLATION_CONNECTION */;
